STATIONS_ID;MESS_DATUM;QN_3;FX;FM;QN_4;RSK;RSKF;SDK;SHK_TAG;NM;VPM;PM;TMK;UPM;TXK;TNK;TGK;eor
       4931;20181209;   10;  20.7;   6.9;    3;   8.7;   8;    0.000;   0;   7.4;   8.2;  960.68;    6.8;   82.42;    9.1;    5.6;    4.1;eor
       4931;20181210;   10;  15.4;   6.5;    3;   1.8;   8;    0.767;   0;   6.4;   6.4;  974.36;    3.9;   78.58;    6.0;    0.7;   -1.4;eor
       4931;20181211;   10;   8.7;   2.9;    3;   0.0;   8;    0.017;   0;   6.7;   5.8;  976.51;    1.8;   83.83;    3.9;   -0.9;   -4.5;eor
       4931;20181212;   10;   5.7;   1.5;    3;   0.0;   7;    0.000;   0;   7.3;   5.7;  975.41;    0.8;   88.25;    2.2;   -2.0;   -5.4;eor
       4931;20181213;   10;   8.7;   4.5;    3;   0.0;   7;    0.017;   0;   7.4;   4.8;  969.72;   -0.4;   81.17;    0.0;   -1.1;   -3.3;eor
       4931;20181214;   10;   7.2;   3.5;    3;   0.0;   0;    0.000;   0;   8.0;   4.1;  972.65;   -1.1;   73.13;   -0.4;   -1.8;   -2.2;eor
       4931;20181215;   10;   7.2;   2.4;    3;   1.5;   7;    0.000;   0;   6.9;   3.9;  975.91;   -1.9;   73.50;   -1.0;   -4.5;   -8.5;eor
       4931;20181216;   10;   5.1;   1.2;    3;   0.5;   8;    1.000;   2;   7.4;   5.6;  967.40;    0.2;   89.04;    4.0;   -3.9;   -4.7;eor
       4931;20181217;   10;   6.7;   1.6;    3;   0.0;   6;    1.500;   0;   6.8;   6.3;  975.40;    1.7;   90.29;    5.5;   -3.3;   -6.3;eor
       4931;20181218;   10;   5.1;   1.2;    3;   0.0;   0;    7.483;   0;   4.1;   6.0;  977.29;    1.8;   85.58;    6.6;   -2.9;   -7.4;eor
       4931;20181219;   10;   7.5;   1.4;    3;   0.7;   8;    0.000;   0;   7.8;   6.4;  970.06;    1.9;   89.67;    5.7;   -0.5;   -4.8;eor
       4931;20181220;   10;  11.1;   2.9;    3;   0.0;   6;    1.550;   0;   6.7;   7.2;  971.14;    5.7;   78.92;    7.9;    3.4;   -1.3;eor
       4931;20181221;   10;  15.4;   5.2;    3;   5.4;   6;    0.000;   0;   7.8;   8.9;  967.80;    8.5;   79.83;   11.2;    5.6;    3.0;eor
       4931;20181222;   10;  20.2;   4.4;    3;   7.2;   6;    0.450;   0;   7.4;   9.8;  971.38;    9.3;   83.79;   11.3;    7.4;    3.3;eor
       4931;20181223;   10;  10.1;   3.2;    3;  16.3;   6;    0.000;   0;   7.8;   9.7;  974.55;    8.4;   87.63;   11.2;    6.9;    4.8;eor
       4931;20181224;   10;  24.7;   5.0;    3;   1.1;   6;    0.500;   0;   6.6;   7.8;  979.48;    5.1;   86.83;   11.3;   -0.8;   -4.7;eor
       4931;20181225;   10;   4.1;   1.3;    3;   0.0;   0;    0.000;   0;   6.3;   5.3;  988.02;   -1.1;   93.58;    0.1;   -3.4;   -6.6;eor
       4931;20181226;   10;   4.1;   1.3;    3;   0.0;   0;    1.533;   0;   5.3;   5.0;  985.29;   -1.7;   93.25;   -0.3;   -3.8;   -6.4;eor
       4931;20181227;   10;   2.1;   0.7;    3;   0.0;   0;    3.200;   0;   4.8;   5.0;  980.43;   -1.9;   93.13;    1.3;   -5.0;   -9.0;eor
       4931;20181228;   10;   7.2;   1.6;    3;   0.0;   0;    6.683;   0;   5.7;   5.3;  981.86;   -0.9;   92.79;    4.3;   -3.6;   -6.7;eor
       4931;20181229;   10;   8.4;   1.9;    3;   0.1;   8;    0.567;   0;   7.7;   5.6;  985.44;    0.6;   88.00;    2.8;   -1.5;   -1.8;eor
       4931;20181230;   10;  10.3;   3.7;    3;   0.8;   6;    0.033;   0;   7.8;   7.1;  985.68;    4.5;   84.38;    6.0;    2.7;    1.9;eor
       4931;20181231;   10;   5.7;   1.3;    3;   0.6;   6;    0.117;   0;   7.8;   8.5;  986.33;    5.2;   95.75;    6.9;    3.7;    3.2;eor
       4931;20190101;   10;  13.4;   3.8;    3;   2.6;   8;    0.000;   0;   7.8;   7.6;  982.67;    5.0;   87.17;    5.8;    2.9;    1.1;eor
       4931;20190102;   10;  17.8;   7.1;    3;   0.1;   7;    2.500;   0;   4.9;   5.1;  984.57;    1.9;   73.38;    4.0;   -1.3;   -4.2;eor
       4931;20190103;   10;   5.1;   1.7;    3;   4.0;   7;    0.117;   0;   6.0;   4.7;  989.02;   -1.3;   83.21;    0.8;   -5.3;   -9.1;eor
       4931;20190104;   10;   8.2;   2.4;    3;   0.5;   7;    0.000;   3;   7.8;   5.5;  987.86;    0.3;   87.33;    1.5;   -2.0;   -7.3;eor
       4931;20190105;   10;   9.6;   4.3;    3;   9.6;   8;    0.000;   1;   8.0;   6.4;  982.28;    1.7;   92.29;    3.8;    0.5;    0.1;eor
       4931;20190106;   10;  10.8;   3.3;    3;   7.8;   6;    0.000;   1;   8.0;   7.1;  983.52;    3.1;   92.58;    3.6;    2.5;    1.7;eor
       4931;20190107;   10;   8.9;   2.1;    3;   0.6;   8;    0.000;   1;   7.7;   6.6;  984.65;    2.6;   89.75;    4.2;    1.3;   -0.5;eor
       4931;20190108;   10;  17.7;   6.4;    3;   2.6;   8;    1.550;   0;   7.3;   6.5;  971.32;    3.5;   83.33;    6.4;    1.6;    0.7;eor
       4931;20190109;   10;  15.9;   7.3;    3;   3.2;   7;    0.450;   0;   7.7;   5.7;  967.60;    0.8;   88.17;    3.1;   -1.0;   -1.6;eor
       4931;20190110;   10;   9.3;   3.9;    3;   0.6;   7;    0.000;   3;   7.9;   5.3;  975.21;   -0.6;   89.63;    0.2;   -2.2;   -6.6;eor
       4931;20190111;   10;   6.2;   2.0;    3;   1.2;   8;    0.000;   3;   7.8;   4.7;  977.75;   -1.5;   86.71;    0.4;   -3.0;   -6.2;eor
       4931;20190112;   10;  12.5;   3.7;    3;   9.5;   8;    0.000;   2;   8.0;   6.2;  974.60;    1.8;   88.88;    2.8;    0.4;   -0.1;eor
       4931;20190113;   10;  15.3;   5.0;    3;  17.0;   6;    0.000;   1;   7.6;   7.6;  963.18;    4.6;   89.71;    7.6;    1.8;    1.2;eor
       4931;20190114;   10;  19.7;   7.2;    3;   1.6;   8;    1.233;-999;   6.3;   6.6;  965.74;    3.9;   81.21;    7.2;    0.7;   -0.7;eor
       4931;20190115;   10;   8.6;   3.4;    3;   0.0;   0;    2.333;   0;   7.1;   5.8;  974.79;    2.8;   78.00;    5.2;    0.6;   -0.7;eor
       4931;20190116;   10;   5.1;   1.8;    3;   0.0;   6;    5.283;   0;   6.7;   5.6;  967.38;    3.6;   71.71;    7.0;   -0.3;   -3.4;eor
       4931;20190117;   10;  14.4;   4.5;    3;   1.7;   8;    0.517;   0;   7.2;   6.6;  962.18;    4.8;   75.88;    7.1;    0.4;   -1.7;eor
       4931;20190118;   10;   7.5;   2.2;    3;   0.5;   7;    1.200;   0;   6.2;   4.9;  971.43;   -0.6;   84.42;    1.0;   -4.4;   -8.9;eor
       4931;20190119;   10;   5.7;   1.3;    3;   0.0;   0;    1.817;   0;   4.0;   3.8;  968.87;   -4.3;   85.63;   -2.5;   -8.1;  -12.0;eor
       4931;20190120;   10;   4.6;   1.4;    3;   0.0;   7;    0.050;   0;   6.6;   3.9;  968.02;   -4.2;   86.17;   -0.5;   -8.8;  -12.1;eor
       4931;20190121;   10;   4.3;   1.7;    3;   0.0;   0;    5.517;   0;   4.8;   4.2;  972.60;   -2.5;   83.42;   -0.7;   -5.0;   -9.9;eor
       4931;20190122;   10;   6.5;   1.7;    3;   0.0;   0;    0.033;   0;   6.6;   4.1;  963.38;   -3.0;   83.17;   -0.2;   -6.4;  -11.2;eor
       4931;20190123;   10;   5.0;   1.7;    3;   0.5;   7;    4.300;   0;   6.3;   3.8;  952.41;   -3.6;   80.50;   -1.0;   -7.9;  -12.2;eor
       4931;20190124;   10;   5.5;   2.1;    3;   0.1;   7;    0.150;   0;   8.0;   3.9;  961.82;   -4.0;   86.42;   -3.1;   -4.8;   -5.2;eor
       4931;20190125;   10;   9.6;   2.2;    3;   0.7;   8;    1.917;   3;   7.5;   3.9;  969.16;   -2.8;   78.00;   -0.2;   -8.0;  -16.6;eor
       4931;20190126;   10;  10.5;   3.4;    3;   0.1;   6;    2.100;   1;   7.5;   6.1;  964.54;    2.8;   80.54;    6.0;   -1.0;   -1.4;eor
       4931;20190127;   10;  13.5;   3.9;    3;   0.0;   8;    0.983;   0;   7.0;   6.6;  948.52;    4.7;   76.79;    7.9;    1.4;   -1.2;eor
       4931;20190128;   10;  14.6;   4.7;    3;   1.0;   7;    1.333;   0;   7.4;   5.7;  953.11;    1.2;   85.58;    2.4;   -0.5;   -3.6;eor
       4931;20190129;   10;   6.2;   2.1;    3;   0.0;   7;    0.533;   0;   5.2;   5.0;  959.11;   -0.2;   83.42;    2.7;   -3.9;   -8.7;eor
       4931;20190130;   10;  14.9;   3.7;    3;   0.0;   7;    1.533;   0;   6.2;   4.6;  949.92;    0.0;   75.58;    3.9;   -4.2;   -9.7;eor
       4931;20190131;   10;   5.7;   1.6;    3;   0.3;   8;    3.517;   0;   4.8;   4.5;  950.94;   -1.2;   80.17;    3.9;   -6.8;  -10.7;eor
       4931;20190201;   10;   5.1;   1.1;    3;   4.5;   8;    0.000;   0;   7.8;   6.5;  945.10;    2.3;   88.96;    4.0;    0.6;   -1.8;eor
       4931;20190202;   10;   7.7;   1.4;    3;   0.1;   6;    2.733;   0;   7.3;   7.0;  950.71;    2.8;   93.08;    7.0;   -0.4;   -1.8;eor
       4931;20190203;   10;  13.9;   5.1;    3;   0.3;   8;    0.000;   0;   7.9;   5.9;  968.64;    1.5;   86.38;    3.8;    0.2;   -0.7;eor
       4931;20190204;   10;   6.5;   1.7;    3;   0.0;   0;    8.267;   0;   4.8;   5.0;  981.39;    0.5;   79.54;    3.5;   -2.4;   -7.8;eor
       4931;20190205;   10;   3.1;   1.0;    3;   0.0;   0;    8.867;   0;   2.6;   4.7;  981.44;    0.1;   77.67;    5.5;   -4.0;   -9.1;eor
       4931;20190206;   10;   3.1;   1.4;    3;   0.0;   0;    9.067;   0;   2.8;   4.5;  978.57;   -0.8;   78.75;    6.2;   -6.3;  -10.1;eor
       4931;20190207;   10;   6.2;   1.9;    3;   0.7;   6;    0.100;   0;   6.2;   5.6;  970.25;    1.1;   82.33;    6.6;   -4.7;   -8.1;eor
       4931;20190208;   10;   8.9;   2.1;    3;   0.2;   6;    7.567;   0;   6.3;   6.2;  970.95;    4.5;   73.88;    9.5;    0.5;   -4.2;eor
       4931;20190209;   10;  16.3;   4.2;    3;   0.2;   8;    1.867;   0;   6.1;   6.7;  966.96;    7.1;   66.00;    9.5;    3.1;   -1.0;eor
       4931;20190210;   10;  22.8;   4.9;    3;   4.1;   8;    1.317;   0;   7.3;   7.1;  958.48;    6.7;   73.50;   14.2;    2.3;   -1.8;eor
       4931;20190211;   10;  15.3;   7.3;    3;   0.0;   8;    1.133;   0;   7.0;   5.7;  971.97;    3.6;   71.79;    5.4;   -1.0;   -3.5;eor
       4931;20190212;   10;   9.6;   3.2;    3;   0.0;   0;    1.667;   0;   6.5;   5.1;  987.02;    2.2;   72.21;    5.0;   -1.6;   -6.1;eor
       4931;20190213;   10;   3.3;   1.1;    3;   0.0;   0;    9.717;   0;   3.1;   5.2;  989.50;    2.1;   74.00;    8.9;   -3.3;   -7.9;eor
       4931;20190214;   10;   3.1;   1.0;    3;   0.0;   0;    7.283;   0;   3.0;   5.1;  988.89;    2.5;   72.63;   11.3;   -3.5;   -8.5;eor
       4931;20190215;   10;   5.1;   1.3;    3;   0.0;   0;    9.883;   0;   0.3;   5.3;  985.65;    4.7;   65.42;   15.6;   -3.1;   -7.7;eor
       4931;20190216;   10;   3.6;   1.2;    3;   0.0;   0;    9.767;   0;   0.8;   5.6;  981.76;    4.5;   69.33;   15.4;   -3.0;   -8.3;eor
       4931;20190217;   10;   4.1;   1.2;    3;   0.0;   0;    9.983;   0;   1.2;   5.8;  978.21;    5.2;   67.71;   16.5;   -3.1;   -8.6;eor
       4931;20190218;   10;   4.1;   1.1;    3;   0.0;   0;    9.867;   0;   0.7;   5.2;  974.31;    5.1;   63.58;   15.6;   -2.8;   -8.3;eor
       4931;20190219;   10;  12.7;   2.0;    3;   0.0;   0;    2.200;   0;   4.8;   6.6;  974.42;    5.9;   71.46;   13.2;   -1.1;   -6.2;eor
       4931;20190220;   10;   5.7;   1.3;    3;   0.0;   0;    5.483;   0;   5.8;   6.8;  978.04;    4.8;   80.08;   11.2;   -0.7;   -4.9;eor
       4931;20190221;   10;   6.0;   1.4;    3;   0.0;   6;    5.667;   0;   5.0;   7.3;  981.63;    6.4;   77.08;   14.4;   -1.0;   -5.2;eor
       4931;20190222;   10;   7.0;   2.6;    3;   0.7;   6;    2.467;   0;   5.3;   8.5;  986.93;    8.5;   76.88;   11.5;    3.2;   -4.0;eor
       4931;20190223;   10;  10.8;   3.9;    3;   0.0;   0;    8.617;   0;   4.5;   4.3;  990.14;    3.5;   57.08;    9.1;   -1.1;   -6.0;eor
       4931;20190224;   10;   5.8;   2.2;    3;   0.0;   0;   10.417;   0;   2.5;   2.6;  989.68;    4.6;   32.04;   13.5;   -3.0;   -8.6;eor
       4931;20190225;   10;   8.9;   2.1;    3;   0.0;   0;   10.383;   0;   2.6;   4.7;  989.52;    6.8;   48.04;   15.9;   -2.6;   -6.2;eor
       4931;20190226;   10;   5.3;   1.4;    3;   0.0;   0;    9.767;   0;   3.5;   6.4;  986.74;    7.6;   64.67;   17.5;   -1.1;   -6.3;eor
       4931;20190227;   10;   4.1;   1.2;    3;   0.0;   0;   10.450;   0;   0.3;   5.4;  980.46;    7.5;   58.63;   18.6;   -1.1;   -7.0;eor
       4931;20190228;   10;  14.9;   4.4;    3;   1.7;   6;    9.783;   0;   2.3;   6.6;  972.68;   10.2;   55.08;   19.8;    0.9;   -6.3;eor
       4931;20190301;   10;  10.5;   3.9;    3;   4.0;   6;    1.217;   0;   7.4;   8.9;  969.75;    7.6;   84.67;    9.7;    6.3;    4.7;eor
       4931;20190302;   10;   9.6;   3.4;    3;   0.0;   6;    1.050;   0;   7.5;   7.8;  971.70;    7.5;   75.54;   11.2;    5.8;    4.6;eor
       4931;20190303;   10;  12.7;   3.3;    3;   0.0;   0;    2.033;   0;   7.0;   8.0;  968.06;    9.5;   67.58;   12.3;    5.8;   -0.9;eor
       4931;20190304;   10;  24.9;   5.7;    3;   4.3;   6;    2.283;   0;   6.8;   6.7;  957.75;    8.3;   62.63;   13.6;    3.5;   -0.2;eor
       4931;20190305;   10;  16.5;   4.6;    3;   7.9;   6;    4.150;   0;   6.7;   7.0;  965.10;    5.2;   79.96;    9.2;    3.2;   -0.1;eor
       4931;20190306;   10;   6.2;   1.6;    3;   0.0;   6;    5.883;   0;   6.6;   7.1;  961.09;    7.9;   70.83;   15.5;   -0.3;   -3.6;eor
       4931;20190307;   10;  18.5;   4.8;    3;   1.1;   6;    3.283;   0;   5.4;   7.5;  957.64;    8.9;   65.38;   12.1;    5.4;    0.9;eor
       4931;20190308;   10;  15.8;   4.8;    3;   0.0;   6;    7.000;   0;   5.8;   6.6;  969.18;    7.9;   63.13;   11.8;    4.5;   -1.6;eor
       4931;20190309;   10;  16.8;   5.8;    3;   2.4;   6;    1.133;   0;   7.7;   8.0;  971.28;    8.9;   69.96;   10.5;    6.6;    4.2;eor
       4931;20190310;   10;  27.4;   7.3;    3;   6.7;   8;    3.917;   0;   6.0;   8.7;  966.73;    9.7;   71.54;   14.3;    5.3;    3.0;eor
       4931;20190311;   10;  18.5;   6.5;    3;   0.1;   8;    4.233;   0;   5.0;   5.1;  974.25;    4.1;   62.25;    6.8;    1.2;   -0.7;eor
       4931;20190312;   10;  19.0;   3.3;    3;   0.0;   6;    8.233;   0;   5.2;   4.6;  973.02;    5.3;   54.58;   10.3;   -1.3;   -4.9;eor
       4931;20190313;   10;  22.3;   6.2;    3;   3.2;   8;    4.150;   0;   5.8;   6.3;  965.87;    5.5;   69.83;   10.3;    2.6;    0.0;eor
       4931;20190314;   10;  17.3;   5.4;    3;   7.4;   6;    0.433;   0;   7.5;   7.1;  963.45;    4.2;   85.88;    6.3;    2.7;    0.4;eor
       4931;20190315;   10;  12.9;   4.5;    3;   9.3;   6;    0.000;   0;   7.5;   9.4;  964.96;    8.2;   85.38;   11.5;    4.5;    1.6;eor
       4931;20190316;   10;  14.2;   4.4;    3;   0.0;   6;    4.133;   0;   6.4;   9.0;  966.88;   10.4;   71.75;   12.7;    6.5;   -1.0;eor
       4931;20190317;   10;  20.1;   4.8;    3;   0.9;   6;    6.483;   0;   6.0;   6.1;  962.00;    9.4;   54.58;   17.2;    2.5;   -2.3;eor
       4931;20190318;   10;  11.8;   3.2;    3;   0.3;   8;    5.300;   0;   5.4;   6.2;  972.96;    3.8;   78.13;    8.6;   -0.1;   -5.2;eor
       4931;20190319;   10;   7.5;   1.7;    3;   0.0;   0;    8.550;   0;   3.3;   5.4;  980.50;    4.0;   69.63;    9.5;   -0.7;   -6.2;eor
       4931;20190320;   10;   7.2;   1.5;    3;   0.0;   0;   11.617;   0;   1.5;   4.7;  986.38;    4.3;   60.79;   11.0;   -3.4;   -8.0;eor
       4931;20190321;   10;   9.6;   2.6;    3;   0.0;   0;   11.833;   0;   2.5;   4.8;  985.55;    7.0;   51.29;   15.0;   -2.3;   -6.8;eor
       4931;20190322;   10;   5.1;   1.4;    3;   0.0;   0;   10.333;   0;   3.5;   5.9;  982.56;    8.0;   57.58;   17.8;   -0.8;   -6.7;eor
       4931;20190323;   10;   8.6;   1.8;    3;   0.0;   0;   11.500;   0;   0.6;   7.0;  980.68;    9.6;   61.50;   17.3;    0.7;   -5.4;eor
       4931;20190324;   10;  11.3;   2.8;    3;   0.0;   0;   10.300;   0;   1.9;   8.1;  977.26;    8.5;   73.71;   15.2;    1.2;   -3.9;eor
       4931;20190325;   10;  18.3;   5.4;    3;   0.5;   8;    5.383;   0;   5.8;   6.1;  975.89;    5.7;   66.71;    8.8;    3.2;   -1.7;eor
       4931;20190326;   10;   9.3;   2.8;    3;   0.0;   6;    2.833;   0;   6.7;   5.9;  982.42;    4.9;   69.33;    8.9;    2.1;   -1.3;eor
       4931;20190327;   10;   7.2;   1.8;    3;   0.0;   0;    1.950;   0;   6.5;   6.3;  984.63;    6.8;   64.33;   10.3;    1.2;   -3.8;eor
       4931;20190328;   10;   8.9;   3.1;    3;   0.0;   0;    6.600;   0;   3.9;   6.7;  985.70;    7.6;   65.08;   14.0;   -1.1;   -6.0;eor
       4931;20190329;   10;   9.9;   3.4;    3;   0.0;   0;   11.550;   0;   1.6;   7.9;  982.46;   10.2;   66.08;   15.7;    2.4;   -1.9;eor
       4931;20190330;   10;   6.2;   1.7;    3;   0.0;   0;   11.917;   0;   0.8;   6.7;  976.99;   10.4;   58.00;   18.7;    0.7;   -4.8;eor
       4931;20190331;   10;   9.1;   2.5;    3;   0.0;   0;   11.450;   0;   1.3;   6.7;  973.67;   11.2;   54.38;   18.8;    2.0;   -3.9;eor
       4931;20190401;   10;  10.1;   3.3;    3;   0.0;   0;    9.133;   0;   1.1;   8.2;  971.50;   10.8;   65.13;   17.6;    5.0;   -0.6;eor
       4931;20190402;   10;  14.6;   2.9;    3;   0.3;   6;    8.950;   0;   5.9;   7.1;  963.75;   13.0;   52.46;   21.2;    3.0;   -2.3;eor
       4931;20190403;   10;  14.4;   3.2;    3;   2.3;   6;    2.950;   0;   7.3;   8.3;  957.47;    9.1;   72.33;   14.7;    3.7;    0.8;eor
       4931;20190404;   10;   8.7;   3.3;    3;   0.1;   6;    0.000;   0;   7.8;   7.1;  954.63;    4.0;   87.88;    5.5;    2.7;   -0.5;eor
       4931;20190405;   10;   6.2;   1.6;    3;   0.0;   0;    0.067;   0;   7.1;   7.5;  958.66;    5.7;   82.17;    8.1;    2.8;   -3.1;eor
       4931;20190406;   10;   8.7;   2.0;    3;   0.0;   0;    4.733;   0;   4.1;   8.0;  957.88;    7.7;   76.88;   15.2;   -0.4;   -4.9;eor
       4931;20190407;   10;   8.1;   2.0;    3;   0.0;   6;    4.583;   0;   6.3;   8.6;  958.93;    9.7;   73.42;   15.4;    2.5;   -1.9;eor
       4931;20190408;   10;   5.1;   1.5;    3;   0.0;   6;    1.100;   0;   7.7;   9.6;  964.00;   10.6;   75.13;   13.2;    7.7;    5.5;eor
       4931;20190409;   10;   6.2;   1.6;    3;   5.5;   6;    0.000;   0;   7.9;  10.7;  963.80;   10.2;   85.96;   12.0;    8.4;    6.0;eor
       4931;20190410;   10;   6.9;   3.1;    3;   0.9;   6;    0.000;   0;   7.8;   9.3;  964.73;    9.5;   78.63;   11.5;    7.1;    5.1;eor
       4931;20190411;   10;   9.3;   3.9;    3;   0.0;   0;   10.483;   0;   4.3;   5.6;  970.79;    6.9;   56.83;   11.2;    2.5;   -2.1;eor
       4931;20190412;   10;   8.4;   3.1;    3;   0.0;   0;    3.383;   0;   5.5;   5.1;  973.07;    4.6;   60.96;    8.8;    0.4;   -2.9;eor
       4931;20190413;   10;   7.4;   3.6;    3;   0.3;   8;    0.050;   0;   7.7;   5.9;  972.49;    3.4;   75.42;    5.2;    1.9;    0.9;eor
       4931;20190414;   10;  10.3;   3.7;    3;   0.0;   7;    4.683;   0;   5.5;   6.1;  973.41;    4.4;   74.71;    9.7;    1.0;   -4.5;eor
       4931;20190415;   10;  13.0;   3.5;    3;   0.0;   0;   12.567;   0;   1.7;   6.8;  974.33;    8.6;   63.67;   16.3;    0.5;   -4.7;eor
       4931;20190416;   10;   8.6;   1.9;    3;   1.6;   6;    8.000;   0;   4.4;   8.0;  971.62;    9.9;   65.88;   17.4;    0.6;   -4.1;eor
       4931;20190417;   10;   9.1;   2.0;    3;   0.3;   6;    5.233;   0;   5.8;   9.4;  975.05;   12.3;   67.79;   18.8;    8.2;   -0.9;eor
       4931;20190418;   10;  11.3;   4.0;    3;   0.0;   0;   13.167;   0;   1.1;   7.4;  976.38;   14.0;   47.79;   20.4;    6.7;   -1.3;eor
       4931;20190419;   10;   8.7;   2.2;    3;   0.0;   0;   13.283;   0;   0.3;   7.7;  979.82;   15.0;   47.21;   22.6;    7.1;   -0.8;eor
       4931;20190420;   10;  10.3;   2.7;    3;   0.0;   0;   13.383;   0;   0.0;   6.7;  979.55;   14.9;   43.00;   22.8;    4.2;    0.0;eor
       4931;20190421;   10;  10.3;   2.8;    3;   0.0;   0;   12.850;   0;   1.4;   6.1;  972.57;   14.8;   39.96;   22.8;    3.9;   -2.6;eor
       4931;20190422;   10;  12.5;   4.3;    3;   0.0;   0;   11.917;   0;   5.1;   6.8;  961.81;   15.8;   39.54;   23.0;    4.7;   -1.2;eor
       4931;20190423;   10;   9.3;   3.3;    3;   0.0;   6;    7.100;   0;   6.8;   9.4;  953.50;   16.2;   51.83;   23.3;   10.3;    3.0;eor
       4931;20190424;   10;  21.1;   2.9;    3;   0.1;   6;   10.983;   0;   4.3;   9.3;  958.08;   15.2;   57.71;   25.3;    6.4;   -0.3;eor
       4931;20190425;   10;  14.2;   3.4;    3;   0.0;   0;   11.383;   0;   3.4;   7.9;  963.05;   15.2;   52.58;   25.0;    4.6;   -1.6;eor
       4931;20190426;   10;   9.6;   2.3;    3;   4.1;   6;    0.450;   0;   6.5;   9.2;  969.13;    8.5;   82.50;   10.5;    5.9;    0.9;eor
       4931;20190427;   10;  19.0;   3.6;    3;   4.1;   8;    3.267;   0;   6.3;   8.5;  970.84;    8.7;   75.71;   13.4;    3.8;    0.0;eor
       4931;20190428;   10;  11.3;   2.2;    3;   1.8;   8;    5.783;   0;   5.1;   7.3;  973.63;    6.8;   74.96;   11.5;    2.8;   -1.8;eor
       4931;20190429;   10;  11.8;   2.9;    3;   2.4;   6;    3.317;   0;   7.0;   8.0;  975.25;    7.7;   77.04;   12.1;    1.8;   -2.5;eor
       4931;20190430;   10;   6.7;   2.7;    3;   0.0;   0;    2.833;   0;   5.2;   9.4;  972.96;    9.4;   80.54;   14.5;    4.5;   -1.3;eor
       4931;20190501;   10;   5.7;   1.2;    3;   0.0;   0;   13.350;-999;   0.8;   7.8;  969.68;   11.2;   63.88;   18.8;    1.8;   -2.8;eor
       4931;20190502;   10;  17.1;   2.4;    3;   0.3;   6;    6.733;-999;   4.8;   9.4;  964.58;   11.6;   70.67;   18.9;    4.3;   -1.1;eor
       4931;20190503;   10;  10.3;   3.0;    3;   0.2;   6;    1.600;-999;   7.0;   9.0;  965.10;   10.2;   73.00;   13.5;    7.8;    4.8;eor
       4931;20190504;   10;  13.4;   3.3;    3;   3.5;   6;    0.417;-999;   7.0;   7.8;  962.85;    5.1;   87.33;    8.7;    2.7;    0.8;eor
       4931;20190505;   10;   9.8;   3.3;    3;   0.0;   6;    3.417;-999;   6.2;   5.8;  970.81;    4.7;   69.71;    8.8;    1.5;   -3.3;eor
       4931;20190506;   10;   7.7;   1.7;    3;   0.0;   6;    1.167;-999;   6.8;   6.4;  973.87;    5.8;   70.63;    9.7;    0.3;   -3.7;eor
       4931;20190507;   10;   7.2;   1.4;    3;   0.0;   6;    8.783;-999;   5.9;   6.6;  970.87;    9.0;   60.21;   14.5;    2.2;   -2.1;eor
       4931;20190508;   10;  10.5;   2.4;    3;   8.0;   6;    0.000;-999;   7.7;  10.1;  960.08;   10.1;   81.04;   12.6;    6.9;    2.4;eor
       4931;20190509;   10;  13.5;   3.6;    3;   2.4;   6;    3.550;-999;   6.6;  10.1;  957.60;   10.7;   78.33;   14.1;    7.4;    1.7;eor
       4931;20190510;   10;   9.8;   2.2;    3;   1.3;   6;    3.000;-999;   6.3;  10.2;  965.42;   11.5;   76.04;   15.7;    6.9;    3.2;eor
       4931;20190511;   10;  20.6;   4.8;    3;   8.4;   6;    3.417;-999;   7.3;  10.8;  966.15;   11.7;   80.08;   17.6;    7.1;    5.8;eor
       4931;20190512;   10;  10.8;   5.1;    3;   0.2;   6;    5.650;-999;   5.5;   7.9;  982.14;    9.0;   69.50;   12.8;    6.3;    2.7;eor
       4931;20190513;   10;  11.5;   4.4;    3;   0.0;   0;   11.567;-999;   2.2;   6.3;  986.23;   10.1;   52.00;   14.9;    4.5;   -2.0;eor
       4931;20190514;   10;  12.3;   4.4;    3;   0.0;   0;   10.117;-999;   2.4;   5.5;  981.59;    9.0;   49.17;   13.4;    3.4;   -3.6;eor
       4931;20190515;   10;   9.8;   3.6;    3;   0.0;   0;    8.350;-999;   3.5;   6.1;  975.95;    8.3;   57.46;   13.4;    2.0;   -4.7;eor
       4931;20190516;   10;   5.1;   1.9;    3;   0.0;   6;    1.100;-999;   5.5;   8.1;  968.23;    9.3;   69.04;   13.7;    3.4;   -1.9;eor
       4931;20190517;   10;  14.6;   2.3;    3;   2.7;   6;    9.700;-999;   3.5;  10.3;  960.86;   12.3;   73.88;   20.3;    4.8;   -1.7;eor
       4931;20190518;   10;  12.3;   2.0;    3;  12.9;   6;    8.200;-999;   6.3;  12.5;  959.89;   13.8;   80.50;   20.3;    9.5;    5.6;eor
       4931;20190519;   10;  11.7;   2.6;    3;  28.7;   8;    4.700;-999;   7.0;  13.3;  958.65;   14.6;   80.79;   20.3;   10.9;    8.1;eor
       4931;20190520;   10;  12.9;   4.2;    3;  17.5;   6;    0.000;-999;   8.0;  13.8;  959.35;   13.0;   91.42;   15.2;   11.1;   10.1;eor
       4931;20190521;   10;  12.9;   6.2;    3;  22.9;   6;    0.000;-999;   8.0;  12.8;  965.22;   11.7;   92.75;   12.7;   10.9;   10.6;eor
       4931;20190522;   10;   9.6;   3.9;    3;   0.0;   0;    8.817;-999;   5.4;  11.1;  972.68;   13.1;   74.50;   16.8;    6.9;    1.8;eor
       4931;20190523;   10;   6.2;   1.5;    3;   0.0;   0;   14.733;-999;   3.0;   9.6;  972.82;   13.5;   65.88;   20.8;    4.6;   -0.4;eor
       4931;20190524;   10;   8.2;   1.6;    3;   0.0;   0;   10.417;-999;   5.4;  10.8;  969.27;   15.5;   63.88;   21.8;    6.8;    2.4;eor
       4931;20190525;   10;  12.7;   1.8;    3;  13.4;   6;    6.067;-999;   5.3;  12.7;  969.85;   14.1;   80.17;   20.9;    8.9;    4.6;eor
       4931;20190526;   10;   6.2;   1.8;    3;   0.0;   0;   11.317;-999;   4.0;  11.9;  969.90;   15.2;   71.42;   21.3;    7.5;    3.5;eor
       4931;20190527;   10;   8.7;   2.6;    3;   8.1;   6;    8.950;-999;   6.2;  12.9;  964.90;   15.7;   72.67;   20.6;    9.9;    4.6;eor
       4931;20190528;   10;  10.6;   3.2;    3;   1.2;   6;    2.633;-999;   7.0;  11.7;  963.52;   13.3;   77.46;   17.1;    9.4;    5.6;eor
       4931;20190529;   10;   9.9;   2.7;    3;   0.0;   6;    2.517;-999;   5.9;  10.6;  974.09;   11.5;   78.46;   15.1;    6.9;    1.6;eor
       4931;20190530;   10;   6.7;   1.8;    3;   0.0;   0;    9.583;-999;   4.0;  10.2;  979.45;   14.2;   66.25;   20.7;    4.4;    0.0;eor
       4931;20190531;   10;   4.6;   1.3;    3;   0.0;   0;    5.983;-999;   6.2;  13.3;  979.44;   18.1;   65.54;   23.2;   13.0;    7.7;eor
       4931;20190601;   10;   6.2;   1.2;    3;   0.0;   0;   14.967;-999;   3.7;  13.5;  976.41;   19.4;   63.42;   26.3;   10.6;    5.9;eor
       4931;20190602;   10;   6.7;   1.5;    3;   0.0;   0;   15.367;-999;   2.1;  13.8;  971.73;   21.2;   58.25;   28.4;   11.1;    6.8;eor
       4931;20190603;   10;  22.6;   2.0;    3;   0.3;   6;   10.517;-999;   3.6;  14.9;  969.79;   20.6;   64.00;   30.7;   13.6;    8.3;eor
       4931;20190604;   10;   8.2;   2.1;    3;   0.0;   0;   14.417;-999;   2.8;  16.0;  965.96;   21.9;   64.42;   28.9;   13.0;    8.5;eor
       4931;20190605;   10;  10.3;   2.6;    3;   0.0;   0;   12.667;-999;   2.3;  15.4;  961.31;   23.3;   55.17;   29.1;   15.4;   11.0;eor
       4931;20190606;   10;  14.9;   3.9;    3;   0.2;   6;    0.333;-999;   6.5;  11.7;  968.11;   13.8;   73.96;   20.9;    7.9;    3.1;eor
       4931;20190607;   10;  19.0;   3.2;    3;   0.1;   6;   12.333;-999;   3.4;  12.3;  967.30;   16.4;   68.42;   27.6;    7.2;    2.4;eor
       4931;20190608;   10;  13.2;   3.4;    3;   0.0;   0;   12.433;-999;   3.4;   8.8;  976.90;   16.3;   50.08;   21.5;    9.7;    4.2;eor
       4931;20190609;   10;   7.7;   1.9;    3;   1.0;   6;    6.633;-999;   6.5;  12.7;  975.42;   15.9;   70.33;   22.2;    8.0;    2.5;eor
       4931;20190610;   10;   5.7;   1.7;    3;  20.0;   6;    1.567;-999;   7.2;  16.2;  968.69;   15.9;   89.54;   20.2;   12.8;    9.7;eor
       4931;20190611;   10;   6.7;   2.3;    3;   2.3;   6;    0.183;-999;   7.6;  14.4;  965.94;   15.0;   84.25;   16.9;   12.5;   10.6;eor
       4931;20190612;   10;  11.7;   1.7;    3;  10.4;   6;    4.400;-999;   6.3;  14.6;  965.60;   15.0;   85.92;   18.1;   12.5;    8.8;eor
       4931;20190613;   10;   6.2;   1.4;    3;   0.0;   0;    8.867;-999;   3.8;  14.2;  969.43;   18.0;   71.04;   23.8;   12.5;    7.3;eor
       4931;20190614;   10;   8.7;   2.0;    3;   0.0;   0;    8.267;-999;   5.1;  14.6;  969.58;   19.8;   65.71;   26.4;   10.3;    6.5;eor
       4931;20190615;   10;   9.8;   3.4;    3;   8.5;   6;   10.367;-999;   5.7;  15.2;  969.01;   19.9;   66.21;   23.6;   15.0;   11.4;eor
       4931;20190616;   10;   6.5;   1.9;    3;   0.0;   6;    3.917;-999;   5.8;  14.4;  975.57;   16.9;   76.25;   21.6;   12.9;    7.8;eor
       4931;20190617;   10;   7.7;   2.1;    3;   0.0;   0;   14.633;-999;   1.0;  14.6;  973.60;   19.0;   68.83;   25.0;   10.8;    7.1;eor
       4931;20190618;   10;   5.1;   1.3;    3;   0.0;   0;   11.800;-999;   3.8;  16.2;  969.45;   21.5;   66.13;   29.0;   13.7;    9.7;eor
       4931;20190619;   10;   7.5;   1.6;    3;   6.9;   6;   12.500;-999;   3.7;  15.6;  965.86;   22.9;   58.75;   29.9;   15.3;   10.6;eor
       4931;20190620;   10;   8.2;   2.3;    3;   4.4;   6;    7.717;-999;   6.4;  17.5;  968.61;   19.8;   76.46;   23.7;   16.0;   14.7;eor
       4931;20190621;   10;   7.7;   1.9;    3;   0.0;   6;    8.383;-999;   5.0;  15.5;  972.28;   19.7;   69.00;   23.6;   15.2;   11.8;eor
       4931;20190622;   10;  11.1;   2.7;    3;   9.3;   6;    0.333;-999;   7.4;  16.5;  971.59;   17.7;   81.71;   21.6;   15.8;   14.7;eor
       4931;20190623;   10;   8.2;   2.4;    3;   0.0;   0;    7.783;-999;   5.5;  18.0;  972.51;   20.0;   78.25;   24.9;   15.9;   12.1;eor
       4931;20190624;   10;   9.8;   3.1;    3;   0.0;   0;   15.317;-999;   3.9;  19.0;  973.88;   22.6;   70.38;   28.3;   15.5;   11.1;eor
       4931;20190625;   10;   4.1;   1.3;    3;   0.0;   0;   14.450;-999;   3.9;  19.5;  974.60;   25.0;   63.58;   32.1;   15.8;   11.5;eor
       4931;20190626;   10;   4.6;   1.4;    3;   0.0;   0;   14.600;-999;   0.6;  22.3;  977.10;   27.4;   63.63;   34.0;   19.2;   15.0;eor
       4931;20190627;   10;   8.1;   2.8;    3;   0.0;   0;   15.167;-999;   0.4;  20.7;  977.40;   25.9;   62.21;   30.9;   18.8;   12.2;eor
       4931;20190628;   10;   7.0;   2.1;    3;   0.0;   0;   15.683;-999;   0.0;  12.9;  976.70;   22.0;   50.04;   27.9;   15.0;    8.2;eor
       4931;20190629;   10;   8.2;   2.3;    3;   0.0;   0;   15.633;-999;   0.4;  13.9;  973.66;   22.9;   53.00;   29.9;   13.4;    8.1;eor
       4931;20190630;   10;   6.5;   1.6;    3;   0.0;   0;   15.233;-999;   1.3;  17.0;  970.94;   26.4;   53.25;   35.4;   14.6;    8.1;eor
       4931;20190701;   10;  13.5;   3.3;    3;   0.0;   6;   10.867;-999;   6.1;  18.6;  971.58;   25.6;   57.00;   30.7;   20.0;   17.0;eor
       4931;20190702;   10;   8.2;   3.0;    3;   0.0;   0;   15.083;-999;   3.6;  12.5;  974.38;   21.0;   51.08;   25.3;   16.5;   12.1;eor
       4931;20190703;   10;   8.4;   2.6;    3;   0.0;   0;   14.450;-999;   4.2;  11.1;  975.22;   19.8;   49.21;   24.7;   14.7;   10.1;eor
       4931;20190704;   10;   7.9;   2.1;    3;   0.0;   0;   15.333;-999;   1.2;  10.3;  975.36;   19.9;   46.08;   25.6;   13.2;    8.7;eor
       4931;20190705;   10;   7.7;   1.9;    3;   0.0;   0;   11.083;-999;   3.9;  12.0;  971.84;   20.9;   51.67;   28.1;   12.1;    7.0;eor
       4931;20190706;   10;  11.1;   2.3;    3;   6.7;   6;   10.767;-999;   5.0;  13.6;  966.80;   22.8;   52.33;   29.7;   13.5;    7.4;eor
       4931;20190707;   10;  10.3;   2.9;    3;   2.2;   6;    4.600;-999;   6.3;  15.3;  967.56;   18.2;   74.00;   23.0;   14.5;   13.2;eor
       4931;20190708;   10;   8.2;   2.2;    3;   0.0;   0;    5.767;-999;   6.6;  12.0;  971.57;   16.8;   64.33;   20.6;   12.9;    7.8;eor
       4931;20190709;   10;   8.9;   2.8;    3;   0.0;   0;   10.100;-999;   4.7;   9.8;  972.98;   15.2;   57.96;   20.2;   10.5;    3.5;eor
       4931;20190710;   10;   7.7;   1.5;    3;   0.0;   0;   15.150;-999;   3.1;   9.2;  973.19;   16.0;   54.13;   22.6;    7.3;    1.2;eor
       4931;20190711;   10;   4.6;   1.0;    3;   5.6;   6;    1.283;-999;   6.8;  14.1;  970.07;   15.0;   82.04;   17.7;   11.4;    6.6;eor
       4931;20190712;   10;  12.9;   2.3;    3;  13.0;   6;    2.417;-999;   6.9;  15.8;  968.06;   16.1;   86.71;   19.9;   13.4;    9.8;eor
       4931;20190713;   10;   9.6;   3.3;    3;   0.7;   6;    3.417;-999;   6.8;  14.3;  971.44;   16.6;   77.46;   21.8;   13.1;   11.3;eor
       4931;20190714;   10;  10.8;   3.1;    3;   0.0;   6;    5.083;-999;   5.9;  14.5;  970.98;   16.5;   77.88;   20.3;   12.4;    8.1;eor
       4931;20190715;   10;   8.2;   3.0;    3;   0.0;   0;    7.683;-999;   4.2;  13.2;  971.06;   16.8;   70.25;   22.8;   12.2;   10.2;eor
       4931;20190716;   10;   8.2;   1.9;    3;   0.0;   0;   13.450;-999;   2.3;  12.9;  971.62;   17.8;   65.67;   24.2;   10.2;    6.6;eor
       4931;20190717;   10;   9.8;   1.9;    3;   0.0;   0;   13.500;-999;   3.4;  12.7;  968.52;   19.3;   59.42;   26.0;   10.8;    5.9;eor
       4931;20190718;   10;  10.3;   2.0;    3;   0.3;   6;    8.750;-999;   5.1;  12.9;  967.75;   20.1;   58.67;   27.2;   11.8;    6.7;eor
       4931;20190719;   10;   7.9;   1.8;    3;   0.0;   0;    5.533;-999;   7.1;  15.7;  970.17;   20.8;   65.88;   27.0;   15.1;   10.5;eor
       4931;20190720;   10;  15.1;   2.4;    3;   6.7;   6;   11.333;-999;   5.2;  14.7;  969.50;   24.0;   53.88;   32.0;   13.7;    9.5;eor
       4931;20190721;   10;   9.6;   2.8;    3;   0.0;   6;    8.767;-999;   6.0;  16.9;  975.49;   22.5;   64.50;   27.4;   17.5;   12.3;eor
       4931;20190722;   10;   6.7;   1.6;    3;   0.0;   0;   13.617;-999;   5.5;  15.8;  977.98;   22.9;   59.50;   29.4;   14.9;   10.4;eor
       4931;20190723;   10;   7.2;   1.7;    3;   0.0;   0;   14.850;-999;   1.8;  14.2;  975.10;   25.0;   49.29;   33.0;   15.8;   10.7;eor
       4931;20190724;   10;   7.2;   1.6;    3;   0.0;   0;   14.683;-999;   1.3;  15.5;  971.37;   26.9;   47.92;   35.2;   16.5;   11.2;eor
       4931;20190725;   10;   8.2;   1.6;    3;   0.0;   0;   13.517;-999;   3.1;  16.5;  970.18;   27.9;   48.33;   36.5;   17.5;   12.1;eor
       4931;20190726;   10;  11.3;   2.1;    3;   5.9;   6;   11.333;-999;   5.6;  17.3;  964.75;   27.6;   51.38;   35.8;   19.3;   13.8;eor
       4931;20190727;   10;  11.7;   2.1;    3;  14.5;   6;    5.783;-999;   7.0;  19.7;  958.85;   21.7;   77.58;   27.5;   18.0;   16.2;eor
       4931;20190728;   10;  12.2;   4.0;    3;   2.8;   6;    0.200;-999;   7.5;  19.1;  958.45;   18.9;   87.13;   23.5;   16.9;   15.8;eor
       4931;20190729;   10;   7.0;   2.4;    3;   0.0;   0;    5.667;-999;   5.2;  16.4;  966.34;   19.7;   71.54;   23.9;   16.9;   12.9;eor
       4931;20190730;   10;  11.3;   1.8;    3;   1.4;   6;    5.517;-999;   5.2;  17.4;  968.55;   21.9;   68.83;   27.8;   17.2;   13.5;eor
       4931;20190731;   10;   6.7;   1.8;    3;   0.0;   0;    4.350;-999;   5.7;  14.7;  972.22;   19.8;   65.33;   23.6;   16.4;   10.6;eor
       4931;20190801;   10;  10.5;   1.7;    3;   0.0;   0;   11.067;-999;   3.7;  12.1;  972.25;   19.3;   55.92;   24.4;   11.4;    7.0;eor
       4931;20190802;   10;   8.7;   1.5;    3;   0.0;   6;    3.733;-999;   5.6;  13.8;  969.65;   20.3;   59.83;   25.9;   15.7;   10.8;eor
       4931;20190803;   10;  11.3;   3.0;    3;   0.0;   0;    5.850;-999;   4.8;  14.0;  970.76;   18.6;   66.71;   23.5;   14.0;    7.9;eor
       4931;20190804;   10;   6.2;   1.2;    3;   0.1;   6;   12.700;-999;   3.7;  13.1;  970.75;   20.0;   60.29;   26.9;   11.5;    6.9;eor
       4931;20190805;   10;   6.7;   1.5;    3;   0.3;   6;    3.983;-999;   6.6;  16.5;  968.15;   21.6;   65.54;   28.9;   16.0;   11.9;eor
       4931;20190806;   10;   9.3;   2.1;    3;   7.6;   6;    8.050;-999;   6.3;  17.9;  966.68;   22.9;   66.63;   29.0;   16.6;   12.0;eor
       4931;20190807;   10;  12.2;   1.4;    3;  40.1;   6;    0.100;-999;   6.8;  18.8;  965.62;   17.8;   91.71;   19.4;   14.7;   10.5;eor
       4931;20190808;   10;   5.7;   1.4;    3;   0.0;   0;   10.517;-999;   4.2;  16.3;  968.50;   20.0;   72.63;   26.5;   14.0;   10.3;eor
       4931;20190809;   10;  10.1;   1.6;    3;   7.9;   6;    9.183;-999;   5.5;  18.9;  966.46;   23.3;   69.38;   32.8;   14.0;    9.7;eor
       4931;20190810;   10;   9.3;   2.3;    3;   0.1;   6;    7.567;-999;   4.8;  17.9;  970.98;   21.3;   71.71;   26.0;   16.1;   11.0;eor
       4931;20190811;   10;  16.6;   2.6;    3;   7.3;   6;   10.433;-999;   3.7;  15.7;  971.09;   19.2;   73.38;   27.6;   13.4;    9.3;eor
       4931;20190812;   10;   9.8;   1.8;    3;   0.0;   6;    6.083;-999;   6.6;  13.8;  972.04;   16.9;   72.33;   20.4;   13.7;   11.0;eor
       4931;20190813;   10;   9.8;   2.6;    3;   0.0;   0;    7.217;-999;   4.6;  11.5;  973.68;   15.6;   66.17;   20.1;   10.8;    6.2;eor
       4931;20190814;   10;   6.7;   1.4;    3;   0.0;   0;    8.650;-999;   2.8;  11.7;  973.38;   15.6;   67.50;   21.0;    9.0;    4.1;eor
       4931;20190815;   10;  12.2;   2.5;    3;   0.6;   6;    4.517;-999;   5.9;  13.9;  970.18;   16.4;   75.83;   23.2;   10.4;    6.1;eor
       4931;20190816;   10;   6.7;   2.1;    3;   0.0;   6;   10.900;-999;   4.5;  13.3;  972.43;   18.3;   65.38;   24.2;   11.9;    9.5;eor
       4931;20190817;   10;   8.2;   1.7;    3;   1.8;   6;    0.600;-999;   7.7;  15.6;  968.62;   17.7;   78.25;   23.4;   13.3;    9.3;eor
       4931;20190818;   10;  11.3;   2.6;    3;   3.0;   6;   10.783;-999;   3.8;  17.2;  965.53;   22.8;   66.25;   32.1;   15.0;   11.4;eor
       4931;20190819;   10;   6.2;   1.6;    3;   1.0;   6;    1.883;-999;   6.9;  17.2;  972.26;   19.2;   77.67;   22.4;   16.7;   13.8;eor
       4931;20190820;   10;   6.7;   1.8;    3;   9.0;   6;    0.000;-999;   7.6;  14.0;  977.69;   15.6;   79.04;   18.2;   11.7;    7.1;eor
       4931;20190821;   10;   7.2;   1.8;    3;   0.0;   0;    7.567;-999;   3.7;  12.6;  981.49;   15.1;   76.04;   21.9;    8.5;    4.7;eor
       4931;20190822;   10;   8.7;   1.9;    3;   0.0;   0;   12.967;-999;   1.5;  13.3;  979.31;   17.6;   68.08;   23.9;   10.4;    5.8;eor
       4931;20190823;   10;   8.6;   1.8;    3;   0.0;   0;   12.617;-999;   0.9;  14.6;  978.46;   18.7;   70.33;   25.4;   10.7;    5.9;eor
       4931;20190824;   10;   6.2;   1.5;    3;   0.0;   0;    8.683;-999;   3.4;  17.2;  974.80;   20.2;   73.71;   26.1;   13.4;    9.3;eor
       4931;20190825;   10;   4.5;   1.2;    3;   0.0;   0;   11.433;-999;   1.3;  17.7;  973.64;   21.8;   71.21;   29.1;   14.4;   10.3;eor
       4931;20190826;   10;   8.6;   1.1;    3;   0.0;   0;   11.217;-999;   1.5;  19.1;  972.98;   22.5;   72.42;   29.8;   15.9;   12.3;eor
       4931;20190827;   10;   5.1;   1.2;    3;   0.0;   0;   12.250;-999;   2.3;  18.3;  971.56;   23.1;   68.13;   30.3;   15.3;   11.1;eor
       4931;20190828;   10;   6.3;   1.2;    3;   0.0;   0;    6.967;-999;   6.0;  17.4;  971.42;   23.3;   63.21;   29.7;   17.0;   13.2;eor
       4931;20190829;   10;  13.4;   1.4;    3;   2.9;   6;    5.433;-999;   6.1;  19.0;  973.87;   20.8;   78.13;   28.2;   16.9;   13.4;eor
       4931;20190830;   10;   5.0;   1.2;    3;   0.0;   0;   11.850;-999;   0.7;  19.0;  975.99;   22.2;   73.29;   28.8;   15.5;   11.7;eor
       4931;20190831;   10;   4.5;   1.2;    3;   0.0;   0;   12.050;-999;   1.4;  18.4;  969.95;   23.1;   68.13;   30.0;   15.4;   11.3;eor
       4931;20190901;   10;   8.6;   3.1;    3;   0.0;   6;    4.483;-999;   6.3;  15.2;  969.29;   21.0;   60.92;   24.0;   17.1;   13.4;eor
       4931;20190902;   10;  10.1;   2.8;    3;   0.0;   0;    6.433;-999;   4.9;  10.6;  976.27;   17.0;   55.38;   20.6;   10.4;    3.4;eor
       4931;20190903;   10;   6.3;   1.2;    3;   0.0;   0;   12.750;-999;   2.5;   9.7;  978.35;   15.7;   58.58;   23.3;    7.0;    1.3;eor
       4931;20190904;   10;   7.2;   1.6;    3;   0.2;   6;   12.750;-999;   2.2;  10.9;  972.01;   17.7;   58.25;   26.4;    8.7;    3.8;eor
       4931;20190905;   10;  10.6;   3.1;    3;   0.1;   6;    3.800;-999;   6.5;  11.0;  974.01;   15.9;   61.33;   18.9;   13.8;    9.1;eor
       4931;20190906;   10;   6.3;   2.3;    3;   0.0;   0;    2.750;-999;   7.2;  10.5;  976.57;   15.0;   62.63;   18.8;   11.5;   10.6;eor
       4931;20190907;   10;   6.7;   2.1;    3;   3.6;   6;    3.267;-999;   6.8;  10.4;  973.27;   14.7;   63.00;   17.3;   11.9;    7.6;eor
       4931;20190908;   10;   5.7;   2.0;    3;   8.9;   6;    0.000;-999;   8.0;  12.5;  971.09;   11.5;   91.67;   12.7;   10.6;   10.6;eor
       4931;20190909;   10;   8.2;   2.9;    3;   0.0;   0;    1.417;-999;   7.2;  11.4;  969.85;   12.2;   80.96;   16.1;    9.1;    3.8;eor
       4931;20190910;   10;   5.7;   1.4;    3;   0.0;   0;    9.000;-999;   6.0;  10.6;  971.97;   12.3;   77.04;   19.0;    6.4;    2.7;eor
       4931;20190911;   10;   8.6;   1.6;    3;   0.0;   6;    8.300;-999;   3.5;  10.9;  978.22;   14.4;   69.17;   20.9;    6.3;    1.8;eor
       4931;20190912;   10;   5.5;   1.6;    3;   0.0;   0;    6.900;-999;   4.2;  12.8;  984.13;   18.2;   62.42;   24.3;   12.7;    7.7;eor
       4931;20190913;   10;   7.2;   1.9;    3;   0.0;   0;   10.383;-999;   2.1;  14.9;  985.55;   17.2;   77.29;   23.5;   10.2;    6.5;eor
       4931;20190914;   10;   6.2;   1.6;    3;   0.0;   0;    8.867;-999;   5.0;  15.3;  983.65;   18.0;   75.58;   23.9;   12.8;    7.1;eor
       4931;20190915;   10;   8.2;   1.5;    3;   0.0;   0;   11.917;-999;   1.8;  15.3;  978.05;   18.3;   74.54;   26.4;    9.7;    5.5;eor
       4931;20190916;   10;   7.2;   1.6;    3;   0.0;   6;    8.050;-999;   5.1;  14.0;  974.01;   18.6;   67.88;   26.0;   11.4;    7.0;eor
       4931;20190917;   10;   8.7;   3.0;    3;   0.0;   0;    4.083;-999;   5.9;  12.4;  974.09;   15.7;   69.50;   19.2;   11.3;    5.6;eor
       4931;20190918;   10;  11.7;   2.7;    3;   0.0;   0;   11.933;-999;   2.3;   8.0;  978.07;   12.2;   58.13;   17.2;    7.0;    0.3;eor
       4931;20190919;   10;   8.9;   2.6;    3;   0.0;   0;   11.367;-999;   2.7;   7.2;  980.92;   10.6;   58.17;   16.6;    5.4;   -1.0;eor
       4931;20190920;   10;  10.1;   2.2;    3;   0.0;   0;   11.617;-999;   5.0;   7.1;  980.31;   10.4;   58.13;   18.0;    4.0;   -1.9;eor
       4931;20190921;   10;   6.2;   1.7;    3;   0.0;   0;   11.850;-999;   0.2;   8.5;  973.37;   13.0;   58.71;   22.3;    2.6;   -0.7;eor
       4931;20190922;   10;   4.1;   1.2;    3;  12.3;   6;    4.533;-999;   5.3;  11.4;  966.20;   14.2;   71.67;   22.5;    4.6;    0.7;eor
       4931;20190923;   10;   9.3;   2.2;    3;   2.2;   6;    2.783;-999;   7.4;  13.7;  970.55;   14.7;   82.58;   18.4;   10.7;    6.9;eor
       4931;20190924;   10;   5.7;   1.3;    3;   0.4;   6;    5.550;-999;   6.5;  12.7;  967.63;   13.7;   81.71;   17.9;    7.5;    4.1;eor
       4931;20190925;   10;  12.3;   2.6;    3;   6.4;   6;    2.067;-999;   7.2;  13.6;  965.00;   14.3;   83.42;   17.5;   12.7;   10.9;eor
       4931;20190926;   10;  10.3;   1.8;    3;   0.2;   6;    0.017;-999;   7.2;  14.4;  968.34;   15.3;   82.67;   18.7;   11.5;    8.8;eor
       4931;20190927;   10;  13.2;   2.4;    3;   4.3;   6;    0.433;-999;   7.5;  14.4;  968.35;   15.7;   80.63;   19.7;   12.0;    9.2;eor
       4931;20190928;   10;  11.1;   2.6;    3;   0.7;   6;    3.200;-999;   6.1;  12.4;  971.56;   14.0;   78.46;   18.1;    8.7;    5.1;eor
       4931;20190929;   10;  17.7;   3.4;    3;   0.1;   6;    8.050;-999;   3.8;  10.8;  964.55;   15.4;   64.50;   23.1;    6.7;    3.6;eor
       4931;20190930;   10;  16.6;   4.6;    3;   0.0;   0;    2.883;-999;   5.5;  11.1;  967.51;   14.0;   69.58;   18.1;    7.0;    3.1;eor
       4931;20191001;   10;  10.3;   2.0;    3;   0.4;   6;    4.933;-999;   5.1;  12.9;  962.35;   14.5;   77.96;   22.1;    6.1;    2.4;eor
       4931;20191002;   10;  14.4;   3.6;    3;   4.7;   6;    1.417;-999;   6.6;  11.8;  964.07;   11.6;   84.67;   16.1;    5.6;    1.7;eor
       4931;20191003;   10;   6.2;   1.9;    3;   0.0;   0;    1.783;   0;   5.0;   8.2;  972.73;    7.6;   79.71;   12.0;    2.7;   -1.2;eor
       4931;20191004;   10;   9.9;   2.1;    3;   2.8;   6;    1.183;   0;   6.9;   9.8;  964.90;    8.6;   86.79;   12.5;    2.6;   -1.1;eor
       4931;20191005;   10;  12.3;   2.7;    3;   3.6;   6;    0.200;   0;   7.2;  10.6;  967.99;   10.0;   86.04;   13.0;    6.4;    2.4;eor
       4931;20191006;   10;   8.2;   1.9;    3;   6.2;   6;    0.000;   0;   7.7;  11.1;  968.17;    9.5;   93.00;   12.5;    6.7;    6.4;eor
       4931;20191007;   10;   6.2;   1.8;    3;   0.0;   6;    4.183;   0;   6.9;  11.0;  971.32;   10.9;   84.88;   14.6;    8.5;    8.2;eor
       4931;20191008;   10;  12.0;   2.9;    3;   2.3;   6;    0.183;   0;   7.4;  13.0;  967.22;   13.9;   81.04;   17.1;   10.0;    8.4;eor
       4931;20191009;   10;  10.5;   3.0;    3;   2.5;   6;    0.717;   0;   6.6;  11.2;  967.28;   11.2;   84.13;   12.8;    8.3;    6.1;eor
       4931;20191010;   10;  13.4;   3.1;    3;   3.7;   6;    3.000;   0;   4.5;  10.3;  971.69;    9.9;   84.83;   14.5;    5.6;    3.0;eor
       4931;20191011;   10;  10.5;   1.7;    3;   0.0;   0;    9.300;   0;   4.0;  10.8;  972.90;   11.9;   78.38;   18.8;    4.2;    0.6;eor
       4931;20191012;   10;   7.4;   1.4;    3;   0.0;   6;    7.217;   0;   4.0;  12.2;  970.38;   14.8;   73.38;   22.9;    4.5;    2.2;eor
       4931;20191013;   10;   6.5;   1.4;    3;   0.0;   0;    8.750;   0;   2.6;  14.4;  969.79;   17.9;   72.13;   26.1;   11.4;    6.6;eor
       4931;20191014;   10;   5.1;   1.3;    3;   0.0;   0;   10.300;   0;   0.3;  13.1;  968.47;   15.9;   75.54;   24.4;    8.7;    4.7;eor
       4931;20191015;   10;   9.4;   2.2;    3;  10.6;   6;    3.783;   0;   5.5;  13.0;  963.45;   13.5;   85.17;   20.9;    7.7;    4.3;eor
       4931;20191016;   10;   8.9;   2.5;    3;   0.0;   6;    9.917;   0;   3.5;  10.3;  969.23;   12.0;   74.21;   17.0;    7.0;    2.7;eor
       4931;20191017;   10;   7.4;   1.6;    3;   1.5;   6;    4.317;   0;   7.0;  11.8;  969.16;   13.1;   79.25;   20.3;    6.7;    3.3;eor
       4931;20191018;   10;  14.9;   1.9;    3;   7.7;   6;    3.067;   0;   6.9;  13.2;  967.23;   13.2;   87.46;   19.4;   10.4;    5.6;eor
       4931;20191019;   10;   7.0;   1.7;    3;   3.9;   6;    0.050;   0;   7.9;  13.1;  965.13;   12.2;   91.96;   14.8;   10.8;   10.3;eor
       4931;20191020;   10;   9.6;   1.3;    3;   0.0;   6;    7.717;   0;   5.9;  13.2;  963.19;   13.7;   85.50;   21.3;    8.5;    5.4;eor
       4931;20191021;   10;   6.2;   1.6;    3;   0.0;   6;    1.617;   0;   7.3;  14.1;  972.91;   14.1;   87.75;   18.8;   11.0;    7.8;eor
       4931;20191022;   10;   5.1;   1.2;    3;   0.0;   0;    5.200;   0;   4.9;  12.5;  977.03;   11.4;   93.17;   16.0;    7.8;    4.6;eor
       4931;20191023;   10;   6.7;   1.4;    3;   0.0;   0;    6.783;   0;   5.6;  11.8;  969.20;   10.8;   91.21;   16.7;    6.7;    4.3;eor
       4931;20191024;   10;   4.1;   1.1;    3;   0.0;   6;    2.733;   0;   6.6;  12.7;  967.00;   12.6;   86.79;   17.0;    7.8;    5.5;eor
       4931;20191025;   10;   6.2;   1.8;    3;   0.0;   0;    6.617;   0;   5.8;  11.3;  975.93;   13.0;   76.58;   17.7;    6.8;    2.3;eor
       4931;20191026;   10;   5.1;   1.2;    3;   0.0;   0;    9.100;   0;   3.3;  10.3;  974.47;   11.7;   77.63;   21.0;    3.1;    1.1;eor
       4931;20191027;   10;   7.7;   2.0;    3;   7.8;   6;    5.800;   0;   5.8;  11.9;  973.98;   12.6;   81.71;   19.8;    6.3;    3.6;eor
       4931;20191028;   10;   7.5;   2.7;    3;   0.2;   6;    0.000;   0;   7.8;   9.0;  974.98;    7.5;   86.75;    8.7;    6.1;    6.3;eor
       4931;20191029;   10;   5.7;   2.5;    3;   0.7;   6;    0.000;   0;   8.0;   8.5;  975.02;    6.9;   84.88;    8.2;    5.7;    4.6;eor
       4931;20191030;   10;   8.7;   3.3;    3;   0.0;   6;    2.050;   0;   7.0;   7.8;  977.50;    6.2;   82.21;    8.3;    2.9;   -1.1;eor
       4931;20191031;   10;   5.7;   2.1;    3;   0.0;   0;    8.517;   0;   3.3;   7.3;  974.50;    4.9;   84.75;    9.3;    1.0;   -3.3;eor
       4931;20191101;   10;   7.5;   1.7;    3;   3.1;   6;    0.300;   0;   7.5;  10.3;  965.34;    8.8;   89.54;   13.0;    3.9;    1.0;eor
       4931;20191102;   10;  11.0;   3.4;    3;   1.1;   6;    3.983;   0;   6.7;  12.6;  952.63;   14.1;   78.21;   17.9;   11.2;    9.5;eor
       4931;20191103;   10;   9.8;   2.2;    3;   6.2;   6;    0.000;   0;   7.8;  11.8;  945.34;   11.0;   89.92;   12.9;    9.3;    7.8;eor
       4931;20191104;   10;  11.8;   3.0;    3;   1.0;   6;    2.750;   0;   6.0;   9.9;  949.18;   10.1;   80.50;   13.2;    7.5;    2.6;eor
       4931;20191105;   10;   5.1;   1.4;    3;   0.3;   6;    2.833;   0;   5.4;   8.5;  953.32;    7.8;   80.83;   12.3;    3.4;    0.0;eor
       4931;20191106;   10;   8.2;   2.0;    3;   0.3;   6;    0.900;   0;   7.0;   8.5;  958.09;    7.9;   80.42;   10.9;    5.0;    0.8;eor
       4931;20191107;   10;  11.5;   2.1;    3;   0.2;   6;    2.000;   0;   6.1;   8.0;  957.95;    7.0;   80.21;   10.1;    3.0;   -1.0;eor
       4931;20191108;   10;   9.3;   3.1;    3;  13.9;   6;    0.000;   0;   8.0;   7.9;  959.33;    4.8;   91.33;    6.0;    2.9;    3.0;eor
       4931;20191109;   10;   6.9;   1.6;    3;   0.0;   6;    2.550;   0;   5.2;   7.1;  964.05;    3.8;   88.04;    9.0;   -1.5;   -5.3;eor
       4931;20191110;   10;   3.8;   1.0;    3;   0.0;   6;    0.050;   0;   6.6;   6.1;  966.07;    0.1;   98.08;    3.1;   -3.2;   -6.3;eor
       4931;20191111;   10;   5.3;   1.7;    3;   0.1;   6;    3.650;   0;   7.0;   6.2;  964.49;    1.9;   88.88;    4.5;   -1.1;    0.0;eor
       4931;20191112;   10;   9.3;   2.1;    3;   0.0;   6;    5.117;   0;   5.6;   6.4;  960.67;    4.8;   74.96;    8.1;    1.9;   -2.9;eor
       4931;20191113;   10;   8.2;   2.2;    3;   0.0;   0;    4.833;   0;   6.1;   6.4;  958.49;    3.9;   79.42;    7.2;   -0.2;   -4.8;eor
       4931;20191114;   10;   7.2;   2.2;    3;   0.0;   0;    4.583;   0;   6.2;   5.8;  955.88;    2.4;   80.58;    8.9;   -3.3;   -6.7;eor
       4931;20191115;   10;  10.1;   1.9;    3;   0.3;   6;    0.067;   0;   7.0;   6.6;  953.96;    2.9;   87.29;    5.1;    0.3;   -2.2;eor
       4931;20191116;   10;   4.1;   1.0;    3;   0.3;   6;    0.850;   0;   6.8;   7.4;  962.75;    3.4;   94.00;    8.2;   -0.6;   -2.8;eor
       4931;20191117;   10;   6.2;   2.1;    3;   1.1;   6;    0.000;   0;   7.9;   7.2;  960.05;    2.7;   96.63;    3.8;   -0.1;   -0.9;eor
       4931;20191118;   10;  12.3;   2.8;    3;   0.0;   6;    5.333;   0;   6.2;   6.3;  963.05;    3.8;   79.54;    6.6;    0.5;   -1.9;eor
       4931;20191119;   10;   6.5;   1.7;    3;   0.0;   6;    0.000;   0;   7.2;   6.8;  970.48;    3.7;   85.00;    6.7;    0.3;   -2.7;eor
       4931;20191120;   10;   4.3;   1.6;    3;   0.0;   6;    0.000;   0;   7.6;   6.7;  968.95;    2.3;   93.42;    3.7;    0.5;    0.6;eor
       4931;20191121;   10;   3.6;   0.9;    3;   0.0;   0;    3.417;   0;   6.0;   6.6;  963.44;    3.3;   86.21;    8.0;   -1.3;   -5.0;eor
       4931;20191122;   10;   6.0;   1.6;    3;   0.0;   0;    3.767;   0;   5.8;   6.1;  961.08;    0.9;   93.92;    6.4;   -2.1;   -5.0;eor
       4931;20191123;   10;   4.6;   1.3;    3;   0.0;   0;    1.750;   0;   6.0;   6.9;  952.87;    4.0;   84.92;    9.3;   -1.7;   -5.0;eor
       4931;20191124;   10;   3.1;   0.9;    3;   0.0;   0;    0.483;   0;   6.8;   7.3;  960.41;    3.1;   95.29;    6.9;   -0.4;   -3.1;eor
       4931;20191125;   10;   3.6;   1.0;    3;   0.7;   6;    0.000;   0;   7.9;   7.6;  964.47;    3.3;   97.92;    5.5;   -0.3;   -0.8;eor
       4931;20191126;   10;   3.6;   1.0;    3;   0.0;   6;    4.600;   0;   6.4;   8.6;  961.98;    5.7;   93.88;   12.7;    1.9;   -0.9;eor
       4931;20191127;   10;  15.3;   3.3;    3;   1.0;   6;    1.000;   0;   6.8;   8.6;  952.90;    8.7;   77.92;   12.9;    1.3;   -0.2;eor
       4931;20191128;   10;  13.4;   3.7;    3;   0.3;   6;    1.300;   0;   6.5;   9.1;  954.63;    9.1;   78.58;   10.6;    7.0;    3.4;eor
       4931;20191129;   10;  12.3;   3.6;    3;   3.5;   6;    0.017;   0;   7.3;   8.1;  964.45;    5.7;   87.25;    8.5;    1.2;   -0.7;eor
       4931;20191130;   10;   4.1;   1.4;    3;   0.0;   0;    3.583;   0;   4.8;   5.9;  975.49;    2.0;   84.04;    5.7;   -2.3;   -6.5;eor
       4931;20191201;   10;   6.2;   1.8;    3;   0.0;   0;    0.000;   0;   7.2;   5.3;  970.23;    0.8;   82.63;    2.4;   -2.6;   -5.5;eor
       4931;20191202;   10;   6.0;   1.9;    3;   0.0;   7;    6.000;   0;   5.1;   5.1;  977.63;    1.0;   78.33;    3.6;   -1.2;   -3.9;eor
       4931;20191203;   10;   3.1;   1.0;    3;   0.0;   0;    7.917;   0;   3.1;   5.0;  980.87;    0.4;   80.67;    4.8;   -4.6;   -7.8;eor
       4931;20191204;   10;   7.0;   1.5;    3;   0.0;   0;    8.017;   0;   0.6;   4.5;  974.86;   -1.2;   80.88;    4.5;   -5.5;   -8.7;eor
       4931;20191205;   10;   3.1;   0.9;    3;   0.0;   0;    7.883;   0;   0.6;   4.5;  975.22;   -2.2;   86.54;    3.3;   -6.6;  -10.7;eor
       4931;20191206;   10;   9.8;   1.4;    3;   0.2;   6;    7.283;   0;   3.6;   5.2;  971.35;    1.5;   75.63;    8.8;   -6.8;  -10.6;eor
       4931;20191207;   10;  11.8;   3.4;    3;   0.8;   6;    0.250;   0;   6.7;   8.6;  970.74;    7.3;   84.33;    9.1;    5.7;    2.9;eor
       4931;20191208;   10;  17.0;   3.8;    3;   1.7;   6;    3.033;   0;   7.0;   8.4;  965.29;    8.7;   74.58;   11.3;    5.7;    0.9;eor
       4931;20191209;   10;  14.4;   4.5;    3;   2.1;   6;    1.683;   0;   6.7;   7.6;  960.97;    6.2;   80.54;    7.6;    4.2;    2.8;eor
       4931;20191210;   10;  13.9;   3.2;    3;   0.0;   8;    5.150;   0;   2.4;   5.5;  978.05;    1.8;   78.92;    5.7;   -3.6;   -8.0;eor
       4931;20191211;   10;   7.0;   1.6;    3;   7.6;   8;    0.000;   0;   7.3;   5.4;  966.20;    0.5;   84.71;    3.5;   -3.8;   -7.6;eor
       4931;20191212;   10;   9.6;   2.1;    3;   0.6;   8;    2.917;   0;   5.2;   6.1;  957.06;    2.1;   86.04;    5.1;   -2.2;   -7.3;eor
       4931;20191213;   10;  13.4;   4.4;    3;   7.6;   8;    2.000;   0;   7.5;   6.5;  940.31;    2.9;   84.96;    5.8;   -0.5;   -3.3;eor
       4931;20191214;   10;  20.1;   5.7;    3;   1.8;   6;    2.250;   0;   6.8;   6.9;  952.43;    6.2;   73.71;    8.2;    3.0;    0.5;eor
       4931;20191215;   10;  19.5;   4.0;    3;   3.2;   6;    2.567;   0;   7.5;   9.6;  960.71;    9.4;   82.17;   13.9;    5.7;    4.0;eor
       4931;20191216;   10;   3.6;   1.0;    3;   0.0;   0;    5.683;   0;   6.5;   9.0;  963.24;    6.9;   90.71;   12.8;    3.1;   -1.2;eor
       4931;20191217;   10;   5.1;   1.0;    3;   0.0;   6;    3.783;   0;   5.7;   8.0;  962.02;    5.4;   89.54;   10.1;    1.0;   -1.4;eor
       4931;20191218;   10;   4.5;   1.1;    3;   0.5;   6;    2.167;   0;   5.4;   9.2;  971.07;    6.5;   94.67;   11.3;    3.2;   -0.3;eor
       4931;20191219;   10;   5.1;   1.2;    3;   0.0;   0;    5.700;   0;   4.2;   7.6;  966.57;    4.1;   91.96;   10.9;   -0.4;   -2.9;eor
       4931;20191220;   10;   8.2;   1.9;    3;   0.4;   6;    0.333;   0;   6.0;   7.6;  950.35;    5.1;   86.75;   11.1;   -1.8;   -3.8;eor
       4931;20191221;   10;   7.5;   1.5;    3;   2.5;   6;    3.417;   0;   4.9;   7.3;  948.87;    4.3;   87.42;    9.1;    0.4;   -3.6;eor
       4931;20191222;   10;   9.4;   2.8;    3;   2.3;   6;    0.183;   0;   7.6;   8.1;  945.76;    5.9;   87.00;    9.2;    2.8;    0.0;eor
       4931;20191223;   10;  10.1;   3.5;    3;   2.1;   6;    0.917;   0;   7.3;   8.0;  963.75;    5.6;   88.08;    7.2;    4.6;    2.8;eor
       4931;20191224;   10;   8.2;   2.6;    3;   4.2;   6;    0.867;   0;   6.3;   7.7;  969.54;    5.6;   84.75;    8.4;    2.4;   -2.1;eor
       4931;20191225;   10;  17.1;   4.2;    3;   4.3;   6;    0.283;   0;   6.8;   8.0;  973.49;    5.8;   85.83;    7.5;    2.1;   -2.4;eor
       4931;20191226;   10;   5.1;   1.3;    3;   0.0;   6;    1.900;   0;   6.8;   6.7;  977.88;    2.1;   93.83;    4.2;   -0.7;   -4.0;eor
       4931;20191227;   10;   5.7;   1.8;    3;   0.6;   6;    0.000;   0;   7.7;   7.9;  979.62;    4.6;   93.42;    6.7;    3.0;    2.4;eor
       4931;20191228;   10;   5.7;   1.6;    3;   0.0;   0;    5.217;   0;   5.5;   5.4;  990.91;    0.3;   87.00;    3.4;   -4.0;   -7.8;eor
       4931;20191229;   10;   3.1;   1.0;    3;   0.0;   0;    7.833;   0;   2.7;   4.5;  990.31;   -2.0;   85.13;    3.2;   -6.0;   -9.7;eor
       4931;20191230;   10;   3.1;   0.9;    3;   0.0;   0;    7.867;   0;   2.8;   4.7;  986.38;   -1.1;   84.21;    5.0;   -5.6;   -8.2;eor
       4931;20191231;   10;   3.6;   1.0;    3;   0.0;   0;    7.450;   0;   3.8;   5.1;  985.64;    0.2;   82.96;    6.0;   -5.1;   -8.1;eor
       4931;20200101;   10;   2.6;   0.9;    3;   0.0;   0;    7.383;   0;   1.9;   5.3;  985.14;   -0.2;   89.00;    5.3;   -5.5;   -8.9;eor
       4931;20200102;   10;   2.9;   1.0;    3;   0.0;   0;    5.650;   0;   2.8;   4.8;  982.03;   -2.0;   91.83;    2.3;   -5.9;   -9.3;eor
       4931;20200103;   10;  10.6;   2.3;    3;   1.4;   6;    0.683;   0;   7.2;   6.8;  978.48;    3.6;   85.00;    8.5;   -1.9;   -4.4;eor
       4931;20200104;   10;  13.2;   4.4;    3;   0.1;   6;    2.033;   0;   7.5;   6.9;  983.83;    4.4;   81.67;    6.9;    2.4;    0.9;eor
       4931;20200105;   10;   5.1;   1.3;    3;   0.1;   6;    0.050;   0;   6.5;   6.8;  987.95;    3.0;   90.04;    5.0;   -2.0;   -5.3;eor
       4931;20200106;   10;   3.1;   1.0;    3;   0.1;   6;    7.500;   0;   1.0;   5.5;  981.38;   -0.6;   93.38;    4.8;   -4.2;   -7.2;eor
       4931;20200107;   10;   6.7;   1.5;    3;   0.8;   6;    0.567;   0;   5.5;   6.4;  981.92;    2.8;   84.71;    7.2;   -3.1;   -6.3;eor
       4931;20200108;   10;   4.1;   1.2;    3;   0.0;   6;    0.000;   0;   6.5;   6.8;  981.50;    2.8;   89.50;    8.2;   -2.8;   -5.9;eor
       4931;20200109;   10;   7.5;   1.8;    3;   0.3;   6;    4.183;   0;   7.2;   9.2;  974.10;    9.3;   78.46;   14.4;    5.4;    2.8;eor
       4931;20200110;   10;  13.2;   3.5;    3;   1.7;   6;    2.650;   0;   6.8;   8.0;  975.20;    8.1;   74.29;   11.2;    4.8;    3.3;eor
       4931;20200111;   10;   4.1;   1.3;    3;   0.0;   0;    0.800;   0;   5.6;   6.8;  985.17;    3.4;   86.17;    6.2;   -2.4;   -6.2;eor
       4931;20200112;   10;   5.8;   1.2;    3;   0.0;   6;    1.983;   0;   5.7;   5.5;  981.02;   -0.1;   90.54;    3.4;   -4.4;   -8.7;eor
       4931;20200113;   10;   4.6;   1.1;    3;   0.1;   6;    0.500;   0;   6.3;   7.2;  975.31;    3.4;   92.46;    6.8;   -0.2;   -4.1;eor
       4931;20200114;   10;   5.7;   1.9;    3;   0.0;   0;    3.067;   0;   6.0;   6.0;  970.28;    5.7;   67.13;   10.8;   -1.0;   -4.7;eor
       4931;20200115;   10;   9.8;   2.0;    3;   0.0;   0;    7.933;   0;   4.0;   6.6;  973.66;    7.0;   66.83;   13.0;    0.1;   -3.2;eor
       4931;20200116;   10;   4.6;   1.3;    3;   0.0;   0;    5.333;   0;   3.5;   7.7;  980.25;    7.4;   75.54;   12.9;    0.3;   -4.3;eor
       4931;20200117;   10;   5.7;   1.2;    3;   0.4;   6;    3.417;   0;   4.5;   7.2;  974.55;    3.8;   88.75;    9.3;   -2.3;   -6.8;eor
       4931;20200118;   10;   9.3;   2.4;    3;   0.1;   8;    3.250;   0;   6.6;   6.6;  979.71;    4.1;   80.38;    6.5;    1.4;   -0.8;eor
       4931;20200119;   10;   7.2;   2.3;    3;   0.3;   7;    0.350;   0;   7.2;   6.1;  987.95;    1.7;   88.04;    2.9;   -1.6;   -5.3;eor
       4931;20200120;   10;   8.9;   2.5;    3;   0.0;   0;    6.383;   0;   3.5;   5.4;  995.90;    0.7;   84.63;    5.4;   -3.1;   -7.1;eor
       4931;20200121;   10;   5.0;   1.3;    3;   0.0;   0;    6.500;   0;   1.7;   4.7;  992.29;   -1.7;   86.83;    2.6;   -5.0;   -9.9;eor
       4931;20200122;   10;   7.0;   1.5;    3;   0.0;   0;    5.500;   0;   2.7;   4.2;  987.33;   -3.8;   91.13;    0.9;   -7.9;  -10.6;eor
       4931;20200123;   10;   6.2;   1.4;    3;   0.0;   0;    1.233;   0;   6.7;   4.7;  983.05;   -2.5;   91.00;    1.1;   -4.8;   -7.8;eor
       4931;20200124;   10;   3.6;   1.3;    3;   0.0;   0;    7.750;   0;   2.3;   4.9;  977.17;   -0.6;   84.08;    5.7;   -6.0;   -9.8;eor
       4931;20200125;   10;   4.1;   1.0;    3;   0.0;   0;    2.217;   0;   5.0;   5.7;  974.88;    0.2;   91.71;    5.9;   -3.5;   -6.1;eor
       4931;20200126;   10;   3.9;   1.0;    3;   0.0;   0;    3.717;   0;   5.5;   6.1;  972.38;    1.1;   91.46;    8.4;   -3.7;   -6.5;eor
       4931;20200127;   10;   9.9;   2.3;    3;   0.5;   6;    2.833;   0;   7.1;   7.0;  966.59;    5.4;   79.50;   10.6;   -0.5;   -2.9;eor
       4931;20200128;   10;  24.4;   5.7;    3;   6.5;   8;    1.683;   0;   6.5;   6.7;  956.77;    4.4;   79.00;    7.1;    0.7;   -1.5;eor
       4931;20200129;   10;  14.7;   4.8;    3;   0.5;   6;    0.767;   0;   7.0;   6.2;  965.11;    2.9;   82.17;    5.6;    1.0;   -1.8;eor
       4931;20200130;   10;   7.9;   2.5;    3;   1.1;   6;    5.383;   0;   6.9;   7.2;  968.23;    6.3;   75.25;    9.5;    1.6;   -2.8;eor
       4931;20200131;   10;  13.0;   3.7;    3;   0.0;   6;    1.767;   0;   6.9;  11.2;  967.79;   11.7;   81.71;   14.6;    9.2;    3.5;eor
       4931;20200201;    3;  15.9;   3.9;    3;   4.7;   6;    1.900;   0;   6.1;  10.4;  965.31;   11.0;   79.46;   14.3;    8.8;    2.0;eor
       4931;20200202;    3;  14.9;   4.1;    3;  15.1;   6;    0.000;   0;   7.3;  10.9;  967.90;   10.3;   86.08;   13.3;    7.2;    2.9;eor
       4931;20200203;    3;  14.9;   3.2;    3;  10.5;   6;    0.000;   0;   8.0;   9.6;  969.55;    8.2;   87.83;   14.0;    6.7;    6.3;eor
       4931;20200204;    3;  29.2;   7.4;    3;   3.1;   8;    2.700;   0;   7.1;   6.8;  967.94;    4.5;   80.58;   13.9;    0.4;    0.1;eor
       4931;20200205;    3;  11.7;   4.3;    3;   0.0;   0;    5.417;   0;   3.5;   5.5;  984.85;    2.5;   75.71;    5.6;   -2.8;   -7.9;eor
       4931;20200206;    3;   3.6;   1.2;    3;   0.0;   0;    9.267;   0;   1.1;   4.4;  984.67;    0.0;   75.63;    6.3;   -4.4;   -9.1;eor
       4931;20200207;    3;   6.0;   1.9;    3;   0.0;   0;    9.400;   0;   0.0;   4.8;  980.22;    0.0;   79.29;    6.8;   -5.6;   -9.2;eor
       4931;20200208;    3;   3.1;   1.1;    3;   0.0;   0;    9.033;   0;   3.3;   5.6;  977.50;    1.1;   83.38;    8.0;   -4.9;   -8.9;eor
       4931;20200209;    3;  18.3;   3.6;    3;   0.3;   6;    6.900;   0;   5.8;   6.3;  970.73;    7.0;   66.21;   14.1;   -2.1;   -4.9;eor
       4931;20200210;    3;  28.3;  10.0;    3;   5.6;   8;    4.550;   0;   6.7;   7.8;  958.67;    9.8;   63.88;   14.6;    2.0;    0.7;eor
       4931;20200211;    3;  19.2;   8.3;    3;   5.3;   8;    3.067;   0;   5.8;   6.0;  964.63;    4.0;   73.83;    6.7;    0.7;    0.1;eor
       4931;20200212;    3;  16.5;   4.6;    3;   0.3;   8;    3.250;   0;   6.4;   5.9;  972.20;    3.1;   76.88;    5.7;    2.0;   -0.7;eor
       4931;20200213;    3;  14.4;   3.3;    3;   5.5;   6;    0.133;   0;   6.4;   6.4;  964.94;    3.7;   81.33;    8.8;   -2.5;   -5.5;eor
       4931;20200214;    3;  13.2;   3.8;    3;   1.5;   6;    0.950;   0;   6.3;   7.3;  974.29;    5.7;   80.46;    8.9;    0.6;   -3.0;eor
       4931;20200215;    3;   6.0;   1.4;    3;   0.0;   0;    8.600;   0;   5.0;   6.8;  976.73;    5.0;   79.63;   12.2;   -1.3;   -4.2;eor
       4931;20200216;    3;  10.5;   2.6;    3;   0.0;   0;    3.617;   0;   7.0;   7.1;  969.99;   11.1;   56.38;   18.7;    3.9;    1.2;eor
       4931;20200217;    3;  13.7;   3.3;    3;   7.1;   6;    0.000;   0;   7.4;   9.3;  972.18;    9.7;   78.00;   15.6;    5.2;    2.7;eor
       4931;20200218;    3;  13.2;   4.3;    3;   0.0;   6;    5.250;   0;   4.8;   6.3;  979.48;    5.6;   69.88;    7.9;    3.4;    0.6;eor
       4931;20200219;    3;  17.3;   4.7;    3;   1.3;   8;    4.117;   0;   5.5;   6.2;  975.65;    4.2;   75.63;    7.0;    0.4;   -3.1;eor
       4931;20200220;    3;  13.9;   2.7;    3;   0.3;   6;    3.600;   0;   6.3;   6.7;  974.48;    6.1;   71.21;   11.1;    2.4;   -1.6;eor
       4931;20200221;    3;  19.9;   4.2;    3;   0.0;   0;    7.867;   0;   4.8;   5.3;  981.32;    5.1;   61.33;    8.7;   -0.5;   -3.2;eor
       4931;20200222;    3;  13.5;   3.3;    3;   3.0;   6;    7.400;   0;   5.3;   4.8;  980.71;    7.8;   49.21;   14.4;   -1.0;   -5.6;eor
       4931;20200223;    3;  17.5;   6.4;    3;   4.6;   6;    0.583;   0;   7.8;   9.2;  975.83;   10.6;   72.83;   14.3;    6.5;    5.6;eor
       4931;20200224;    3;  13.4;   3.2;    3;   1.2;   6;    3.733;   0;   6.1;   9.1;  972.77;    8.5;   82.17;   14.8;    3.8;    3.6;eor
       4931;20200225;    3;  13.9;   3.7;    3;   7.5;   8;    0.117;   0;   6.3;   8.0;  959.00;    7.1;   78.96;    9.1;    3.2;    1.0;eor
       4931;20200226;    3;  16.1;   5.3;    3;   0.6;   8;    3.033;   0;   7.0;   5.7;  957.09;    2.2;   79.67;    4.8;    0.2;   -0.2;eor
       4931;20200227;    3;  25.2;   5.6;    3;   7.1;   8;    1.950;   0;   7.5;   5.8;  956.86;    1.8;   83.33;    4.6;   -0.1;   -1.2;eor
       4931;20200228;    3;  16.5;   4.4;    3;   1.1;   8;    6.417;   0;   6.3;   5.1;  970.32;    3.5;   65.83;    7.2;    0.2;   -2.0;eor
       4931;20200229;    3;  19.5;   3.3;    3;   1.1;   6;    2.967;   0;   7.4;   7.7;  956.71;    8.9;   68.92;   15.5;    3.5;    0.5;eor
       4931;20200301;    3;  20.9;   4.8;    3;   0.1;   6;    6.467;   0;   6.4;   7.1;  954.00;    8.4;   64.58;   12.4;    4.2;    2.2;eor
       4931;20200302;    3;  10.5;   2.5;    3;   4.4;   6;    2.417;   0;   5.5;   7.1;  947.82;    5.2;   79.67;    9.3;    0.5;   -5.0;eor
       4931;20200303;    3;  14.4;   4.3;    3;   0.0;   6;    2.167;   0;   6.7;   6.1;  958.06;    4.0;   75.00;    6.9;   -0.1;   -3.1;eor
       4931;20200304;    3;   8.6;   2.3;    3;   0.0;   6;    0.600;   0;   5.2;   5.8;  966.32;    3.4;   75.75;    7.6;   -1.5;   -5.5;eor
       4931;20200305;    3;  10.8;   2.4;    3;   7.4;   6;    0.000;   0;   7.8;   7.7;  952.82;    5.1;   86.21;    8.6;    0.1;   -2.2;eor
       4931;20200306;    3;  18.7;   5.6;    3;   4.9;   6;    1.567;   0;   7.6;   7.2;  952.48;    5.3;   81.29;    8.3;    3.2;    2.5;eor
       4931;20200307;    3;  11.1;   4.4;    3;   0.0;   6;    4.800;   0;   5.2;   6.4;  971.73;    4.1;   78.50;    7.4;   -0.2;   -2.6;eor
       4931;20200308;    3;   7.4;   1.9;    3;   1.2;   6;    8.617;   0;   5.8;   6.2;  972.02;    5.7;   68.46;   11.0;   -1.7;   -4.8;eor
       4931;20200309;    3;   9.9;   3.3;    3;   0.1;   6;    3.550;   0;   5.6;   7.3;  969.12;    6.1;   77.83;   10.1;    3.6;    1.0;eor
       4931;20200310;    3;  13.4;   4.7;    3;   8.7;   6;    0.000;   0;   7.5;   8.3;  968.40;    6.5;   84.58;   10.5;    3.4;    0.3;eor
       4931;20200311;    3;  16.1;   5.3;    3;   0.0;   6;    5.517;   0;   5.2;  10.7;  971.11;   12.5;   74.88;   16.0;   10.3;    3.9;eor
       4931;20200312;    3;  14.9;   4.5;    3;   3.2;   6;    2.883;   0;   6.4;   9.8;  968.86;   11.2;   74.04;   16.4;    6.9;    3.4;eor
       4931;20200313;    3;  13.7;   4.9;    3;   0.0;   6;    9.200;   0;   3.1;   6.1;  973.88;    6.2;   65.63;   10.7;    0.4;   -4.5;eor
       4931;20200314;    3;   6.9;   1.2;    3;   0.0;   6;    4.000;   0;   5.6;   5.9;  975.22;    3.6;   76.42;    9.6;   -1.2;   -4.9;eor
       4931;20200315;    3;   8.2;   1.4;    3;   0.0;   0;   10.700;   0;   2.9;   5.9;  971.84;    6.9;   63.63;   15.0;   -1.2;   -6.2;eor
       4931;20200316;    3;   7.0;   1.8;    3;   0.0;   6;   10.617;   0;   3.9;   7.0;  974.14;    9.7;   60.96;   19.0;    0.1;   -3.8;eor
       4931;20200317;    3;   6.2;-999;    3;   0.0;   6;    2.600;-999;   5.9;   8.9;  982.58;   11.1;   68.50;   16.7;    5.7;    1.8;eor
       4931;20200318;    3;   5.1;   1.4;    3;   0.0;   0;    8.150;   0;   2.5;   8.9;  981.37;   10.5;   71.63;   17.7;    2.6;   -1.8;eor
       4931;20200319;    3;   5.5;   1.5;    3;   0.0;   0;   10.533;   0;   2.4;   9.2;  977.28;   11.6;   69.33;   18.4;    4.4;    0.0;eor
       4931;20200320;    3;   7.9;   2.5;    3;   0.0;   6;   10.717;   0;   2.2;   9.3;  973.85;   11.2;   70.79;   17.3;    3.8;   -0.1;eor
       4931;20200321;    3;  10.5;   5.2;    3;  15.2;   8;    0.000;   0;   8.0;   7.1;  974.80;    3.8;   87.83;    8.8;    1.6;    1.4;eor
       4931;20200322;    3;  14.7;   7.1;    3;   0.0;   0;   11.917;   0;   2.2;   4.6;  979.93;    2.5;   63.04;    6.9;   -0.9;   -2.7;eor
       4931;20200323;    3;  14.2;   5.9;    3;   0.0;   0;   12.067;   0;   0.0;   3.0;  984.20;    0.8;   47.08;    5.8;   -3.2;   -9.4;eor
       4931;20200324;    3;  13.7;   4.5;    3;   0.0;   0;   12.033;   0;   0.0;   3.0;  982.31;    1.6;   44.63;    7.3;   -4.0;  -10.4;eor
       4931;20200325;    3;  14.2;   5.6;    3;   0.0;   0;   11.983;   0;   0.3;   3.0;  975.81;    2.4;   43.08;    8.2;   -3.2;   -8.7;eor
       4931;20200326;    3;  10.8;   4.9;    3;   0.0;   0;   10.300;   0;   3.4;   4.2;  970.57;    3.0;   55.08;    8.0;   -2.9;   -6.3;eor
       4931;20200327;    3;   7.2;   2.2;    3;   0.0;   0;   11.733;   0;   2.2;   5.8;  968.70;    7.2;   57.46;   15.3;   -0.9;   -6.3;eor
       4931;20200328;    3;   8.2;   2.1;    3;   0.0;   0;   11.600;   0;   1.0;   6.2;  970.47;    8.9;   57.38;   16.1;    0.2;   -4.6;eor
       4931;20200329;    3;  13.0;   4.8;    3;   5.3;   8;    0.017;   0;   7.6;   6.0;  974.28;    3.7;   76.79;    9.3;    1.0;    0.3;eor
       4931;20200330;    1;  10.5;   4.7;    1;   0.0;   0;    9.783;   0;   3.3;   3.6;  978.35;    1.7;   54.21;    6.1;   -3.5;   -7.4;eor
       4931;20200331;    1;   9.8;   2.4;    1;   0.0;   0;    6.483;   0;   2.7;   3.6;  978.58;    1.5;   55.04;    7.3;   -4.3;   -9.4;eor
       4931;20200401;    1;   6.2;   1.5;    1;   0.0;   0;   12.483;   0;   0.6;   3.7;  972.91;    3.4;   50.29;   10.8;   -4.3;   -9.7;eor
       4931;20200402;    1;   8.6;   2.0;    1;   0.0;   0;   12.450;   0;   0.0;   4.2;  966.42;    5.2;   51.04;   13.0;   -3.2;   -9.0;eor
       4931;20200403;    1;   8.6;   2.7;    1;   0.0;   0;    6.350;   0;   3.2;   5.4;  970.43;    6.4;   57.17;   11.9;   -1.2;   -4.6;eor
       4931;20200404;    1;   7.2;   1.6;    1;   0.0;   0;   12.400;   0;   0.5;   5.7;  976.31;    7.2;   58.54;   14.8;   -1.5;   -6.5;eor
       4931;20200405;    1;   9.6;   2.8;    1;   0.0;   0;   12.733;   0;   0.2;   5.8;  975.68;    9.8;   50.42;   17.9;   -0.5;   -4.4;eor
       4931;20200406;    1;   5.7;   1.6;    1;   0.0;   0;   12.633;   0;   0.3;   6.3;  976.71;   11.9;   48.71;   21.1;    1.2;   -4.7;eor
       4931;20200407;    1;   9.3;   2.0;    1;   0.0;   0;   12.500;   0;   0.2;   6.8;  981.40;   13.2;   48.79;   22.7;    3.1;   -2.3;eor
       4931;20200408;    1;   4.1;   1.4;    1;   0.0;   0;   12.233;   0;   0.3;   6.7;  978.33;   13.4;   46.63;   21.5;    4.0;   -1.4;eor
       4931;20200409;    1;   6.7;   1.5;    1;   0.0;   0;   11.000;   0;   1.4;   7.1;  977.15;   13.6;   50.13;   22.0;    4.5;   -1.4;eor
       4931;20200410;    1;   6.2;   1.8;    1;   0.0;   0;   12.000;   0;   0.7;   7.7;  977.02;   13.7;   51.83;   22.0;    3.6;   -1.2;eor
       4931;20200411;    1;   6.2;   1.6;    1;   0.0;   0;   12.500;   0;   1.0;   7.6;  976.54;   13.9;   51.38;   21.6;    4.9;   -0.7;eor
       4931;20200412;    1;  14.1;   1.9;    1;   2.6;   6;    6.500;   0;   3.6;   8.6;  970.98;   13.1;   60.46;   22.3;    5.7;   -0.5;eor
       4931;20200413;    1;  13.9;   3.7;    1;   0.0;   6;    7.800;   0;   3.0;   8.3;  969.67;   10.3;   68.00;   19.2;    3.4;   -3.9;eor
       4931;20200414;    1;   8.6;   2.5;    1;   0.0;   0;   10.200;   0;   1.5;   4.0;  977.20;    4.3;   49.46;    8.7;   -0.2;   -6.3;eor
       4931;20200415;    1;   6.0;   1.7;    1;   0.0;   0;   12.200;   0;   4.4;   4.4;  976.67;    8.2;   44.63;   18.3;   -1.1;   -6.8;eor
       4931;20200416;    1;   6.2;   1.6;    1;   0.0;   0;   12.150;   0;   3.3;   6.8;  972.00;   12.6;   47.88;   21.7;    1.7;   -4.4;eor
       4931;20200417;    1;   6.5;   1.7;    1;   0.0;   0;    8.383;   0;   5.4;   9.5;  969.50;   15.7;   55.58;   22.9;    6.5;    2.5;eor
       4931;20200418;    1;   9.8;   2.0;    1;   0.0;   6;    6.733;   0;   4.5;  10.7;  969.25;   15.5;   62.88;   23.2;    8.5;    3.0;eor
       4931;20200419;    1;  11.3;   3.5;    1;   0.0;   0;    9.983;   0;   2.7;  10.6;  969.00;   14.5;   65.46;   20.5;    7.3;    2.7;eor
       4931;20200420;    1;  14.4;   6.2;    1;   0.0;   0;   11.700;   0;   2.1;   6.8;  967.55;   12.9;   46.88;   18.4;    7.7;    4.4;eor
       4931;20200421;    1;  14.9;   6.4;    1;   0.0;   0;   12.933;   0;   3.4;   5.6;  966.83;   14.0;   36.13;   20.8;    6.9;    4.4;eor
       4931;20200422;    1;  12.5;   5.1;    1;   0.0;   0;   13.683;   0;   0.0;   5.7;  969.79;   14.5;   35.54;   21.6;    7.4;    0.5;eor
       4931;20200423;    1;   7.4;   1.7;    1;   0.0;   0;   13.700;   0;   0.0;   6.4;  972.06;   13.7;   42.96;   21.1;    3.5;   -2.4;eor
       4931;20200424;    1;  13.0;   3.4;    1;   0.0;   0;   12.483;   0;   3.7;   7.1;  967.00;   14.3;   48.67;   22.4;    4.5;   -1.5;eor
       4931;20200425;    1;   8.1;   3.1;    1;   0.0;   0;   13.567;   0;   0.5;   6.6;  964.74;   13.2;   45.54;   18.8;    6.3;   -1.2;eor
       4931;20200426;    1;   7.9;   1.6;    1;   0.1;   6;   12.217;   0;   2.4;   6.4;  964.02;   12.9;   46.50;   20.2;    2.5;   -3.7;eor
       4931;20200427;    1;  10.3;   2.2;    1;   0.6;   6;    8.633;   0;   4.8;   8.7;  963.34;   15.6;   50.92;   22.8;    9.6;    3.4;eor
       4931;20200428;    1;  12.2;   2.5;    1;   5.8;   6;    1.400;   0;   7.3;  11.0;  961.19;   13.3;   71.83;   18.1;    9.0;    3.7;eor
       4931;20200429;    1;  10.8;   3.0;    1;   5.0;   6;    3.967;   0;   5.8;  10.6;  963.22;   12.3;   74.88;   16.7;    7.4;    2.7;eor
       4931;20200430;    1;  11.5;   3.2;    1;   0.8;   6;    0.717;   0;   7.2;   9.6;  961.12;   11.8;   69.79;   15.6;    8.2;    5.2;eor
       4931;20200501;    1;  13.4;   3.2;    1;   1.3;   6;    5.033;-999;   5.8;   8.9;  960.21;   10.4;   71.63;   15.7;    5.9;    2.8;eor
       4931;20200502;    1;  19.2;   4.4;    1;   0.0;   6;    6.900;-999;   3.8;   8.1;  965.41;    9.1;   71.08;   13.7;    3.4;   -1.4;eor
       4931;20200503;    1;   5.1;   1.6;    1;   0.0;   6;    9.983;-999;   5.2;   7.1;  971.96;   11.0;   57.63;   17.0;    2.5;   -1.7;eor
       4931;20200504;    1;  12.5;   2.6;    1;   3.8;   6;    4.433;-999;   6.7;  11.0;  970.75;   11.9;   78.33;   18.9;    6.4;    0.2;eor
       4931;20200505;    1;   6.7;   2.6;    1;   0.0;   0;    7.350;-999;   5.5;   7.9;  971.54;   11.0;   61.92;   16.0;    5.9;   -1.2;eor
       4931;20200506;    1;   8.2;   2.5;    1;   0.0;   0;   13.117;-999;   1.7;   5.4;  976.41;    9.9;   46.75;   15.9;    3.5;   -3.9;eor
       4931;20200507;    1;   5.7;   1.2;    1;   0.0;   0;   14.150;-999;   0.9;   7.1;  976.57;   12.8;   51.96;   21.7;    2.0;   -4.0;eor
       4931;20200508;    1;   8.7;   1.8;    1;   0.0;   0;   11.167;-999;   5.8;   9.0;  971.15;   17.0;   48.92;   24.2;    7.3;    0.5;eor
       4931;20200509;    1;   8.4;   2.4;    1;   1.0;   6;    7.050;-999;   6.0;  11.5;  966.28;   17.3;   59.13;   23.1;   10.2;    4.0;eor
       4931;20200510;    1;   7.0;   1.8;    1;   1.4;   6;    6.367;-999;   6.1;  13.8;  960.60;   17.8;   69.21;   24.0;   12.3;    8.4;eor
       4931;20200511;    1;  15.3;   5.0;    1;  24.7;   6;    0.000;-999;   7.5;  10.8;  958.58;    8.9;   90.83;   15.4;    2.5;    0.4;eor
       4931;20200512;    1;   7.2;   2.1;    1;   0.0;   6;   12.400;-999;   3.8;   6.0;  969.93;    6.8;   63.83;   12.4;    0.3;   -4.7;eor
       4931;20200513;    1;   6.7;   2.0;    1;  11.9;   6;    0.500;-999;   7.7;   8.3;  964.88;    7.6;   79.83;   11.9;    4.1;   -1.8;eor
       4931;20200514;    1;   9.3;   2.5;    1;   0.0;   0;    0.000;-999;   8.0;   9.2;  967.73;    9.6;   77.54;   12.5;    6.5;    6.6;eor
       4931;20200515;    1;   8.7;   2.8;    1;   0.0;   0;    4.050;-999;   6.0;   8.1;  970.75;   11.4;   60.92;   16.5;    5.5;    0.8;eor
       4931;20200516;    1;   7.0;   1.6;    1;   0.0;   0;   14.200;-999;   1.2;   8.0;  974.66;   12.0;   60.50;   19.2;    3.5;   -1.4;eor
       4931;20200517;    1;   7.5;   1.9;    1;   0.0;   0;   14.750;-999;   0.5;   8.0;  975.96;   13.1;   56.08;   19.6;    4.8;   -0.8;eor
       4931;20200518;    1;   7.2;   1.7;    1;   0.0;   0;   14.833;-999;   1.2;   9.0;  977.06;   14.9;   56.63;   22.3;    5.5;    0.3;eor
       4931;20200519;    1;   9.3;   2.2;    1;   0.0;   0;   13.167;-999;   1.2;  10.2;  974.74;   17.1;   55.46;   23.6;    8.5;    2.7;eor
       4931;20200520;    1;   9.1;   1.7;    1;   0.0;   0;    8.367;-999;   4.3;  11.5;  974.51;   16.8;   61.67;   22.6;    9.3;    4.1;eor
       4931;20200521;    1;   7.2;   1.5;    1;   0.0;   0;   14.117;-999;   1.5;  11.9;  975.46;   17.6;   62.00;   24.3;    9.1;    4.6;eor
       4931;20200522;    1;   6.0;   1.5;    1;   0.0;   6;    4.800;-999;   6.8;  13.0;  975.50;   19.5;   59.92;   26.0;   10.0;    4.5;eor
       4931;20200523;    1;  13.5;   3.3;    1;   8.0;   6;    0.433;-999;   7.1;  12.3;  978.85;   13.2;   80.00;   19.0;    6.8;    1.8;eor
       4931;20200524;    1;  13.0;   4.2;    1;   0.0;   6;   11.600;-999;   5.1;   9.2;  984.11;   13.2;   62.71;   18.2;    7.9;    6.2;eor
       4931;20200525;    1;  10.1;   3.9;    1;   0.0;   0;    5.800;-999;   5.3;  10.4;  985.42;   14.5;   63.54;   18.8;   10.5;    4.6;eor
       4931;20200526;    1;  11.5;   2.2;    1;   0.0;   0;   11.500;-999;   2.5;   9.3;  986.50;   13.9;   60.63;   19.4;    6.3;    1.2;eor
       4931;20200527;    1;   7.7;   2.0;    1;   0.0;   0;   14.517;-999;   1.4;   8.6;  985.27;   15.3;   52.46;   22.0;    5.8;    0.0;eor
       4931;20200528;    1;  10.1;   3.2;    1;   0.0;   0;   10.067;-999;   3.6;   9.2;  981.71;   14.9;   56.04;   20.5;    8.3;    1.6;eor
       4931;20200529;    1;  13.7;   2.9;    1;   0.0;   0;   10.767;-999;   2.1;   8.1;  978.52;   13.7;   53.46;   20.2;    6.4;   -0.6;eor
       4931;20200530;    1;   9.6;   3.5;    1;   0.0;   0;    6.717;-999;   4.4;   7.9;  974.73;   14.0;   51.25;   19.0;    7.1;    0.3;eor
       4931;20200531;    1;   9.6;   2.9;    1;   0.0;   0;   13.667;-999;   3.1;   7.8;  973.74;   14.3;   49.33;   20.4;    7.9;    0.4;eor
       4931;20200601;    1;  10.3;   2.9;    1;   0.0;   0;   15.317;-999;   0.8;   9.8;  973.51;   17.9;   50.13;   24.9;    8.2;    1.9;eor
       4931;20200602;    1;   7.7;   1.6;    1;   0.0;   0;   14.633;-999;   2.7;  10.2;  970.08;   19.0;   49.33;   26.5;    8.9;    2.8;eor
       4931;20200603;    1;  12.2;   1.8;    1;   2.3;   6;    9.067;-999;   6.8;  11.8;  960.41;   18.1;   58.79;   25.3;   10.3;    5.2;eor
       4931;20200604;    1;  11.0;   2.7;    1;   2.1;   6;    1.317;-999;   7.3;  13.6;  952.38;   15.5;   77.46;   21.1;   10.8;   10.4;eor
       4931;20200605;    1;  15.6;   3.7;    1;  12.0;   6;    0.967;-999;   7.3;  11.1;  955.15;   12.4;   77.88;   15.5;   10.5;    9.7;eor
       4931;20200606;    1;   7.2;   1.7;    1;  10.4;   6;    0.217;-999;   7.7;  12.5;  959.50;   11.7;   90.83;   14.3;    9.7;   10.1;eor
       4931;20200607;    1;   5.5;   1.4;    1;   0.0;   6;    0.117;-999;   7.2;  11.9;  963.81;   12.7;   81.63;   15.3;    9.9;    6.0;eor
       4931;20200608;    1;   7.7;   2.1;    1;   1.9;   6;    3.033;-999;   6.5;  10.9;  967.12;   13.7;   70.96;   18.7;    9.5;    6.7;eor
       4931;20200609;    1;   7.7;   2.6;    1;   4.1;   6;    0.000;-999;   7.9;  12.6;  968.30;   12.7;   86.13;   15.3;   11.0;   10.0;eor
       4931;20200610;    1;   6.3;   2.8;    1;   4.2;   6;    0.000;-999;   8.0;  13.4;  967.04;   12.7;   91.50;   14.5;   11.6;   11.4;eor
